amount,amplitude,change,close,date,high,low,open,pct_change,turnover,volume,振幅,换手率,涨跌幅,涨跌额,股票代码
40743252.0,,,4.43,2024-01-08,4.51,4.42,4.45,,,88745,2.02,0.78,-0.45,-0.02,2181
46149616.56,,,4.44,2024-01-09,4.54,4.39,4.42,,,100641,3.39,0.89,0.23,0.01,2181
36308024.0,,,4.33,2024-01-10,4.42,4.32,4.42,,,81093,2.25,0.71,-2.48,-0.11,2181
38313673.72,,,4.43,2024-01-11,4.43,4.32,4.36,,,84982,2.54,0.75,2.31,0.1,2181
33589526.0,,,4.36,2024-01-12,4.46,4.36,4.41,,,74272,2.26,0.65,-1.58,-0.07,2181
27749617.77,,,4.37,2024-01-15,4.42,4.33,4.34,,,61653,2.06,0.54,0.23,0.01,2181
35393342.8,,,4.31,2024-01-16,4.42,4.26,4.41,,,79956,3.66,0.7,-1.37,-0.06,2181
31245617.2,,,4.22,2024-01-17,4.33,4.22,4.29,,,71009,2.55,0.63,-2.09,-0.09,2181
44546425.0,,,4.18,2024-01-18,4.24,4.06,4.2,,,104617,4.27,0.92,-0.95,-0.04,2181
42497496.0,,,4.21,2024-01-19,4.31,4.18,4.2,,,97279,3.11,0.86,0.72,0.03,2181
59740148.0,,,3.92,2024-01-22,4.23,3.85,4.18,,,144267,9.03,1.27,-6.89,-0.29,2181
47093094.52,,,3.97,2024-01-23,3.99,3.8,3.89,,,116934,4.85,1.03,1.28,0.05,2181
50107413.53,,,4.07,2024-01-24,4.08,3.91,4.0,,,121490,4.28,1.07,2.52,0.1,2181
76796934.15,,,4.33,2024-01-25,4.34,4.05,4.1,,,176449,7.13,1.56,6.39,0.26,2181
75404442.0,,,4.4,2024-01-26,4.48,4.28,4.32,,,167112,4.62,1.47,1.62,0.07,2181
50239632.64,,,4.23,2024-01-29,4.43,4.23,4.41,,,114077,4.55,1.01,-3.86,-0.17,2181
46290447.78,,,4.08,2024-01-30,4.23,4.06,4.21,,,108462,4.02,0.96,-3.55,-0.15,2181
241893679.66,,,4.15,2024-01-31,4.5,4.05,4.07,,,548363,11.03,4.83,1.72,0.07,2181
173214764.55,,,3.91,2024-02-01,4.04,3.72,3.97,,,431152,7.71,3.8,-5.78,-0.24,2181
252625045.03,,,4.31,2024-02-02,4.31,3.95,3.95,,,580583,9.21,5.12,10.23,0.4,2181
229730724.42,,,3.87,2024-02-05,4.43,3.87,4.2,,,550544,12.99,4.85,-10.21,-0.44,2181
213768292.3,,,3.49,2024-02-06,3.75,3.47,3.47,,,586871,7.24,5.17,-9.82,-0.38,2181
139538527.82,,,3.32,2024-02-07,3.54,3.24,3.51,,,401483,8.6,3.54,-4.87,-0.17,2181
113034888.64,,,3.51,2024-02-08,3.53,3.25,3.32,,,318551,8.43,2.81,5.72,0.19,2181
123822577.49,,,3.7,2024-02-19,3.72,3.54,3.61,,,329006,5.13,2.9,5.41,0.19,2181
130693308.22,,,3.78,2024-02-20,3.81,3.6,3.67,,,340375,5.68,3.0,2.16,0.08,2181
126156744.76,,,3.78,2024-02-21,3.9,3.67,3.75,,,321930,6.08,2.84,0.0,0.0,2181
109380203.42,,,3.9,2024-02-22,3.93,3.72,3.74,,,275329,5.56,2.43,3.17,0.12,2181
119070428.35,,,4.05,2024-02-23,4.05,3.85,3.9,,,291287,5.13,2.57,3.85,0.15,2181
109246724.73,,,4.05,2024-02-26,4.11,3.95,4.05,,,263909,3.95,2.33,0.0,0.0,2181
96384024.4,,,4.22,2024-02-27,4.23,3.98,4.02,,,226996,6.17,2.0,4.2,0.17,2181
145791115.66,,,3.89,2024-02-28,4.37,3.88,4.28,,,340945,11.61,3.01,-7.82,-0.33,2181
83349992.16,,,4.07,2024-02-29,4.07,3.83,3.85,,,202264,6.17,1.78,4.63,0.18,2181
90645997.0,,,4.19,2024-03-01,4.19,4.04,4.06,,,214318,3.69,1.89,2.95,0.12,2181
84772635.4,,,4.15,2024-03-04,4.21,4.01,4.18,,,200739,4.77,1.77,-0.95,-0.04,2181
74337205.97,,,4.07,2024-03-05,4.16,4.03,4.13,,,176152,3.13,1.55,-1.93,-0.08,2181
54438720.92,,,4.04,2024-03-06,4.12,4.01,4.06,,,130283,2.7,1.15,-0.74,-0.03,2181
67483481.62,,,4.04,2024-03-07,4.1,3.98,4.07,,,162131,2.97,1.43,0.0,0.0,2181
69784485.0,,,4.07,2024-03-08,4.1,3.99,4.02,,,167130,2.72,1.47,0.74,0.03,2181
50929735.0,,,4.13,2024-03-11,4.13,4.02,4.06,,,121405,2.7,1.07,1.47,0.06,2181
60661388.0,,,4.16,2024-03-12,4.18,4.11,4.13,,,141938,1.69,1.25,0.73,0.03,2181
88409906.12,,,4.26,2024-03-13,4.32,4.16,4.17,,,202730,3.85,1.79,2.4,0.1,2181
66570018.68,,,4.15,2024-03-14,4.24,4.09,4.22,,,155215,3.52,1.37,-2.58,-0.11,2181
66703776.0,,,4.2,2024-03-15,4.24,4.1,4.18,,,155665,3.37,1.37,1.2,0.05,2181
88571700.79,,,4.29,2024-03-18,4.29,4.13,4.19,,,203601,3.81,1.79,2.14,0.09,2181
103860176.46,,,4.3,2024-03-19,4.46,4.26,4.28,,,231572,4.66,2.04,0.23,0.01,2181
161352522.25,,,4.53,2024-03-20,4.55,4.3,4.32,,,352434,5.81,3.11,5.35,0.23,2181
178758531.71,,,4.58,2024-03-21,4.64,4.49,4.6,,,380810,3.31,3.36,1.1,0.05,2181
248851751.46,,,4.72,2024-03-22,4.79,4.51,4.56,,,519812,6.11,4.58,3.06,0.14,2181
155032430.26,,,4.42,2024-03-25,4.72,4.4,4.66,,,332529,6.78,2.93,-6.36,-0.3,2181
92406061.0,,,4.34,2024-03-26,4.5,4.28,4.4,,,205792,4.98,1.81,-1.81,-0.08,2181
80517347.69,,,4.22,2024-03-27,4.45,4.22,4.36,,,182529,5.3,1.61,-2.76,-0.12,2181
66962687.47,,,4.29,2024-03-28,4.36,4.14,4.2,,,152215,5.21,1.34,1.66,0.07,2181
65913218.54,,,4.22,2024-03-29,4.29,4.16,4.29,,,152436,3.03,1.34,-1.63,-0.07,2181
57587884.0,,,4.33,2024-04-01,4.33,4.22,4.24,,,130876,2.61,1.15,2.61,0.11,2181
69165776.82,,,4.25,2024-04-02,4.33,4.2,4.31,,,158615,3.0,1.4,-1.85,-0.08,2181
53406789.57,,,4.15,2024-04-03,4.24,4.14,4.24,,,124581,2.35,1.1,-2.35,-0.1,2181
45238302.91,,,4.07,2024-04-08,4.15,4.06,4.15,,,107304,2.17,0.95,-1.93,-0.08,2181
44392478.59,,,4.13,2024-04-09,4.15,4.05,4.07,,,105071,2.46,0.93,1.47,0.06,2181
56206444.6,,,3.96,2024-04-10,4.13,3.92,4.13,,,136488,5.08,1.2,-4.12,-0.17,2181
58315414.77,,,4.08,2024-04-11,4.15,3.95,3.97,,,139273,5.05,1.23,3.03,0.12,2181
42983361.0,,,3.97,2024-04-12,4.08,3.95,4.06,,,104469,3.19,0.92,-2.7,-0.11,2181
61606236.84,,,3.83,2024-04-15,3.99,3.71,3.96,,,155694,7.05,1.37,-3.53,-0.14,2181
62253420.62,,,3.55,2024-04-16,3.82,3.54,3.78,,,166036,7.31,1.46,-7.31,-0.28,2181
49760939.5,,,3.81,2024-04-17,3.81,3.59,3.59,,,128886,6.2,1.14,7.32,0.26,2181
33287567.39,,,3.74,2024-04-18,3.81,3.71,3.81,,,85588,2.62,0.75,-1.84,-0.07,2181
25269927.0,,,3.67,2024-04-19,3.77,3.66,3.73,,,66153,2.94,0.58,-1.87,-0.07,2181
24840598.12,,,3.62,2024-04-22,3.69,3.54,3.66,,,66456,4.09,0.59,-1.36,-0.05,2181
61759016.82,,,3.8,2024-04-23,3.86,3.63,3.64,,,158947,6.35,1.4,4.97,0.18,2181
37599021.16,,,3.8,2024-04-24,3.81,3.73,3.8,,,96391,2.11,0.85,0.0,0.0,2181
27455161.94,,,3.78,2024-04-25,3.8,3.74,3.8,,,70555,1.58,0.62,-0.53,-0.02,2181
47907717.18,,,3.85,2024-04-26,3.88,3.75,3.75,,,121294,3.44,1.07,1.85,0.07,2181
49050633.55,,,3.99,2024-04-29,3.99,3.82,3.84,,,120332,4.42,1.06,3.64,0.14,2181
46282748.5,,,3.93,2024-04-30,3.98,3.87,3.98,,,114600,2.76,1.01,-1.5,-0.06,2181
43685151.32,,,3.96,2024-05-06,4.0,3.94,3.98,,,106986,1.53,0.94,0.76,0.03,2181
33369749.0,,,3.98,2024-05-07,4.02,3.95,3.98,,,81434,1.77,0.72,0.51,0.02,2181
32656260.0,,,3.88,2024-05-08,3.99,3.86,3.98,,,81132,3.27,0.72,-2.51,-0.1,2181
36575614.0,,,3.89,2024-05-09,3.93,3.86,3.86,,,91121,1.8,0.8,0.26,0.01,2181
35151791.44,,,3.82,2024-05-10,3.92,3.78,3.88,,,89098,3.6,0.79,-1.8,-0.07,2181
27363823.42,,,3.74,2024-05-13,3.78,3.69,3.78,,,70729,2.36,0.62,-2.09,-0.08,2181
31254316.0,,,3.83,2024-05-14,3.83,3.75,3.75,,,79759,2.14,0.7,2.41,0.09,2181
30188168.17,,,3.78,2024-05-15,3.87,3.77,3.82,,,76680,2.61,0.68,-1.31,-0.05,2181
35825917.44,,,3.85,2024-05-16,3.88,3.78,3.79,,,90549,2.65,0.8,1.85,0.07,2181
26156283.0,,,3.87,2024-05-17,3.87,3.79,3.85,,,66176,2.08,0.58,0.52,0.02,2181
29194792.0,,,3.87,2024-05-20,3.92,3.82,3.88,,,73057,2.58,0.64,0.0,0.0,2181
27166176.0,,,3.85,2024-05-21,3.91,3.83,3.87,,,68272,2.07,0.6,-0.52,-0.02,2181
25069443.8,,,3.87,2024-05-22,3.89,3.81,3.85,,,62951,2.08,0.55,0.52,0.02,2181
38069750.0,,,3.76,2024-05-23,3.87,3.75,3.87,,,97415,3.1,0.86,-2.84,-0.11,2181
22482836.0,,,3.72,2024-05-24,3.79,3.71,3.75,,,58233,2.13,0.51,-1.06,-0.04,2181
33451846.87,,,3.73,2024-05-27,3.76,3.65,3.71,,,87865,2.96,0.77,0.27,0.01,2181
21911116.79,,,3.64,2024-05-28,3.71,3.64,3.71,,,57862,1.88,0.51,-2.41,-0.09,2181
29036515.52,,,3.61,2024-05-29,3.67,3.59,3.61,,,77543,2.2,0.68,-0.82,-0.03,2181
22213526.42,,,3.63,2024-05-30,3.66,3.55,3.61,,,59494,3.05,0.52,0.55,0.02,2181
22074961.14,,,3.66,2024-05-31,3.69,3.62,3.63,,,58519,1.93,0.52,0.83,0.03,2181
32968718.13,,,3.61,2024-06-03,3.73,3.58,3.68,,,87427,4.1,0.77,-1.37,-0.05,2181
23283134.42,,,3.57,2024-06-04,3.62,3.54,3.59,,,63142,2.22,0.56,-1.11,-0.04,2181
23710380.4,,,3.48,2024-06-05,3.56,3.46,3.56,,,65288,2.8,0.58,-2.52,-0.09,2181
41963423.48,,,3.32,2024-06-06,3.5,3.28,3.45,,,121072,6.32,1.07,-4.6,-0.16,2181
34466215.0,,,3.48,2024-06-07,3.49,3.35,3.35,,,97038,4.22,0.86,4.82,0.16,2181
22638140.07,,,3.44,2024-06-11,3.49,3.38,3.49,,,63884,3.16,0.56,-1.15,-0.04,2181
36132495.54,,,3.56,2024-06-12,3.58,3.42,3.44,,,99525,4.65,0.88,3.49,0.12,2181
26700492.08,,,3.57,2024-06-13,3.6,3.53,3.55,,,72521,1.97,0.64,0.28,0.01,2181
29433217.38,,,3.64,2024-06-14,3.66,3.54,3.55,,,78700,3.36,0.69,1.96,0.07,2181
37724155.0,,,3.5,2024-06-17,3.63,3.48,3.61,,,103004,4.12,0.91,-3.85,-0.14,2181
19179204.56,,,3.52,2024-06-18,3.54,3.49,3.5,,,52762,1.43,0.47,0.57,0.02,2181
18595975.0,,,3.46,2024-06-19,3.53,3.46,3.52,,,51573,1.99,0.45,-1.7,-0.06,2181
90346539.77,,,3.14,2024-06-20,3.27,3.11,3.2,,,275577,4.62,2.43,-9.25,-0.32,2181
38860072.38,,,3.11,2024-06-21,3.19,3.06,3.08,,,119652,4.14,1.05,-0.96,-0.03,2181
36352582.0,,,2.99,2024-06-24,3.08,2.98,3.08,,,115803,3.22,1.02,-3.86,-0.12,2181
19974110.4,,,3.02,2024-06-25,3.06,2.96,2.97,,,63684,3.34,0.56,1.0,0.03,2181
34746654.2,,,3.17,2024-06-26,3.17,3.01,3.01,,,107914,5.3,0.95,4.97,0.15,2181
41954705.0,,,3.2,2024-06-27,3.28,3.14,3.16,,,125118,4.42,1.1,0.95,0.03,2181
28310991.0,,,3.11,2024-06-28,3.23,3.09,3.18,,,86167,4.38,0.76,-2.81,-0.09,2181
29111157.0,,,3.14,2024-07-01,3.16,3.04,3.07,,,90684,3.86,0.8,0.96,0.03,2181
36837890.09,,,3.25,2024-07-02,3.3,3.14,3.15,,,109653,5.1,0.97,3.5,0.11,2181
19722760.8,,,3.26,2024-07-03,3.29,3.21,3.26,,,58262,2.46,0.51,0.31,0.01,2181
24373675.0,,,3.14,2024-07-04,3.28,3.12,3.25,,,74223,4.91,0.65,-3.68,-0.12,2181
22716579.0,,,3.19,2024-07-05,3.2,3.07,3.14,,,69290,4.14,0.61,1.59,0.05,2181
24415554.0,,,3.08,2024-07-08,3.18,3.05,3.18,,,76104,4.08,0.67,-3.45,-0.11,2181
23713046.28,,,3.05,2024-07-09,3.12,2.96,3.09,,,75080,5.19,0.66,-0.97,-0.03,2181
25090253.0,,,2.96,2024-07-10,3.04,2.96,3.03,,,80663,2.62,0.71,-2.95,-0.09,2181
25669693.1,,,3.06,2024-07-11,3.08,2.99,3.01,,,81261,3.04,0.72,3.38,0.1,2181
21377432.6,,,3.04,2024-07-12,3.11,3.02,3.06,,,67245,2.94,0.59,-0.65,-0.02,2181
13486458.0,,,2.99,2024-07-15,3.05,2.99,3.03,,,43089,1.97,0.38,-1.64,-0.05,2181
19220254.68,,,2.98,2024-07-16,3.02,2.96,2.99,,,62045,2.01,0.55,-0.33,-0.01,2181
15867313.0,,,2.98,2024-07-17,3.03,2.98,2.99,,,50794,1.68,0.45,0.0,0.0,2181
20631740.0,,,2.94,2024-07-18,2.98,2.88,2.98,,,67992,3.36,0.6,-1.34,-0.04,2181
16479511.6,,,2.97,2024-07-19,2.98,2.91,2.93,,,53613,2.38,0.47,1.02,0.03,2181
17477186.0,,,3.0,2024-07-22,3.01,2.93,2.97,,,56434,2.69,0.5,1.01,0.03,2181
14468402.0,,,2.95,2024-07-23,3.03,2.94,3.01,,,46474,3.0,0.41,-1.67,-0.05,2181
24161434.0,,,2.86,2024-07-24,2.95,2.84,2.94,,,80522,3.73,0.71,-3.05,-0.09,2181
19202711.09,,,2.9,2024-07-25,2.92,2.8,2.84,,,64278,4.2,0.57,1.4,0.04,2181
21693253.9,,,3.0,2024-07-26,3.0,2.89,2.89,,,70392,3.79,0.62,3.45,0.1,2181
19130650.22,,,3.03,2024-07-29,3.04,2.95,3.01,,,61132,3.0,0.54,1.0,0.03,2181
20147908.52,,,3.05,2024-07-30,3.06,3.0,3.04,,,63834,1.98,0.56,0.66,0.02,2181
24187795.0,,,3.16,2024-07-31,3.17,3.04,3.05,,,74329,4.26,0.66,3.61,0.11,2181
22776201.48,,,3.13,2024-08-01,3.19,3.1,3.14,,,70021,2.85,0.62,-0.95,-0.03,2181
17921994.0,,,3.09,2024-08-02,3.17,3.08,3.11,,,55154,2.88,0.49,-1.28,-0.04,2181
23405912.54,,,3.05,2024-08-05,3.18,3.04,3.14,,,72329,4.53,0.64,-1.29,-0.04,2181
18230435.9,,,3.15,2024-08-06,3.15,3.06,3.08,,,56469,2.95,0.5,3.28,0.1,2181
12330170.5,,,3.13,2024-08-07,3.17,3.11,3.15,,,37781,1.9,0.33,-0.63,-0.02,2181
15385524.0,,,3.16,2024-08-08,3.17,3.09,3.12,,,47218,2.56,0.42,0.96,0.03,2181
15617728.0,,,3.12,2024-08-09,3.19,3.11,3.17,,,47743,2.53,0.42,-1.27,-0.04,2181
14911918.0,,,3.09,2024-08-12,3.15,3.07,3.13,,,46217,2.56,0.41,-0.96,-0.03,2181
10971844.0,,,3.09,2024-08-13,3.12,3.05,3.1,,,34253,2.27,0.3,0.0,0.0,2181
18645973.2,,,3.12,2024-08-14,3.15,3.07,3.08,,,57681,2.59,0.51,0.97,0.03,2181
26286701.07,,,3.17,2024-08-15,3.19,3.07,3.1,,,80275,3.85,0.71,1.6,0.05,2181
16674495.96,,,3.12,2024-08-16,3.2,3.12,3.17,,,51023,2.52,0.45,-1.58,-0.05,2181
16572966.0,,,3.15,2024-08-19,3.17,3.1,3.13,,,50751,2.24,0.45,0.96,0.03,2181
28957061.0,,,3.17,2024-08-20,3.22,3.09,3.16,,,88414,4.13,0.78,0.63,0.02,2181
29560783.48,,,3.12,2024-08-21,3.22,3.1,3.17,,,90193,3.79,0.8,-1.58,-0.05,2181
24320506.2,,,3.03,2024-08-22,3.16,3.02,3.13,,,77028,4.49,0.68,-2.88,-0.09,2181
20977939.16,,,3.02,2024-08-23,3.06,2.95,3.02,,,68200,3.63,0.6,-0.33,-0.01,2181
17331388.0,,,3.04,2024-08-26,3.08,2.94,3.02,,,56083,4.64,0.49,0.66,0.02,2181
13980863.2,,,2.98,2024-08-27,3.07,2.96,3.03,,,45608,3.62,0.4,-1.97,-0.06,2181
19339304.2,,,3.03,2024-08-28,3.07,2.93,2.98,,,62721,4.7,0.55,1.68,0.05,2181
14210048.0,,,3.05,2024-08-29,3.06,2.99,3.03,,,45826,2.31,0.4,0.66,0.02,2181
27084987.4,,,3.14,2024-08-30,3.17,3.04,3.04,,,84878,4.26,0.75,2.95,0.09,2181
16164431.0,,,3.09,2024-09-02,3.16,3.09,3.14,,,50589,2.23,0.45,-1.59,-0.05,2181
12459158.0,,,3.09,2024-09-03,3.14,3.06,3.14,,,39384,2.59,0.35,0.0,0.0,2181
12551459.0,,,3.04,2024-09-04,3.1,3.02,3.07,,,40123,2.59,0.35,-1.62,-0.05,2181
21775131.0,,,3.12,2024-09-05,3.14,3.03,3.04,,,68749,3.62,0.61,2.63,0.08,2181
14619145.0,,,3.1,2024-09-06,3.16,3.09,3.13,,,45794,2.24,0.4,-0.64,-0.02,2181
16560000.0,,,3.11,2024-09-09,3.16,3.05,3.09,,,52096,3.55,0.46,0.32,0.01,2181
15480677.0,,,3.14,2024-09-10,3.15,3.05,3.1,,,48879,3.22,0.43,0.96,0.03,2181
14271014.7,,,3.07,2024-09-11,3.13,3.05,3.12,,,45201,2.55,0.4,-2.23,-0.07,2181
13259540.3,,,3.11,2024-09-12,3.13,3.06,3.06,,,41711,2.28,0.37,1.3,0.04,2181
12113266.46,,,3.09,2024-09-13,3.12,3.06,3.1,,,38301,1.93,0.34,-0.64,-0.02,2181
12404992.0,,,3.05,2024-09-18,3.11,3.0,3.09,,,39867,3.56,0.35,-1.29,-0.04,2181
23295274.94,,,3.15,2024-09-19,3.15,3.03,3.05,,,73112,3.93,0.64,3.28,0.1,2181
22518883.0,,,3.17,2024-09-20,3.19,3.12,3.14,,,69751,2.22,0.61,0.63,0.02,2181
21022383.24,,,3.21,2024-09-23,3.22,3.15,3.17,,,64447,2.21,0.57,1.26,0.04,2181
39868289.35,,,3.29,2024-09-24,3.34,3.18,3.23,,,119841,4.98,1.06,2.49,0.08,2181
51547349.0,,,3.4,2024-09-25,3.46,3.28,3.29,,,148729,5.47,1.31,3.34,0.11,2181
38001240.0,,,3.47,2024-09-26,3.47,3.36,3.39,,,108776,3.24,0.96,2.06,0.07,2181
58920419.56,,,3.57,2024-09-27,3.65,3.46,3.53,,,162464,5.48,1.43,2.88,0.1,2181
108270945.2,,,3.89,2024-09-30,3.92,3.65,3.71,,,280031,7.56,2.47,8.96,0.32,2181
137150019.3,,,3.99,2024-10-08,4.28,3.85,4.28,,,334211,11.05,2.95,2.57,0.1,2181
94329195.1,,,3.64,2024-10-09,3.92,3.64,3.9,,,245721,7.02,2.17,-8.77,-0.35,2181
59898866.6,,,3.74,2024-10-10,3.83,3.58,3.68,,,157934,6.87,1.39,2.75,0.1,2181
39781570.0,,,3.57,2024-10-11,3.71,3.52,3.71,,,108221,5.08,0.95,-4.55,-0.17,2181
41695456.0,,,3.66,2024-10-14,3.67,3.54,3.59,,,113018,3.64,1.0,2.52,0.09,2181
39898836.62,,,3.65,2024-10-15,3.73,3.58,3.66,,,106519,4.1,0.94,-0.27,-0.01,2181
36309589.0,,,3.7,2024-10-16,3.73,3.59,3.63,,,96799,3.84,0.85,1.37,0.05,2181
42142458.0,,,3.65,2024-10-17,3.75,3.64,3.71,,,111718,2.97,0.98,-1.35,-0.05,2181
51369793.62,,,3.68,2024-10-18,3.74,3.59,3.66,,,137460,4.11,1.21,0.82,0.03,2181
45878765.0,,,3.71,2024-10-21,3.76,3.68,3.72,,,121023,2.17,1.07,0.82,0.03,2181
104685749.8,,,3.88,2024-10-22,3.98,3.69,3.71,,,265777,7.82,2.34,4.58,0.17,2181
62201598.0,,,3.83,2024-10-23,3.9,3.79,3.88,,,158942,2.84,1.4,-1.29,-0.05,2181
36858344.54,,,3.82,2024-10-24,3.86,3.75,3.79,,,94995,2.87,0.84,-0.26,-0.01,2181
50437970.0,,,3.9,2024-10-25,3.93,3.82,3.82,,,127392,2.88,1.12,2.09,0.08,2181
181954389.85,,,4.3,2024-10-28,4.3,3.98,4.1,,,425029,8.21,3.75,10.26,0.4,2181
372873125.65,,,4.16,2024-10-29,4.61,4.16,4.61,,,840568,10.47,7.41,-3.26,-0.14,2181
185425214.46,,,4.18,2024-10-30,4.23,4.04,4.13,,,440714,4.57,3.88,0.48,0.02,2181
211178824.66,,,4.31,2024-10-31,4.37,4.15,4.19,,,485542,5.26,4.28,3.11,0.13,2181
140228752.1,,,4.02,2024-11-01,4.33,3.99,4.27,,,336316,7.89,2.96,-6.73,-0.29,2181
62029752.44,,,4.03,2024-11-04,4.04,3.94,4.01,,,152390,2.49,1.34,0.25,0.01,2181
80331555.42,,,4.13,2024-11-05,4.14,4.03,4.04,,,192899,2.73,1.7,2.48,0.1,2181
90242155.18,,,4.18,2024-11-06,4.2,4.09,4.14,,,213026,2.66,1.88,1.21,0.05,2181
88696101.13,,,4.3,2024-11-07,4.32,4.11,4.14,,,205585,5.02,1.81,2.87,0.12,2181
101515493.95,,,4.26,2024-11-08,4.42,4.23,4.36,,,231641,4.42,2.04,-0.93,-0.04,2181
95849483.74,,,4.39,2024-11-11,4.41,4.24,4.26,,,217311,3.99,1.92,3.05,0.13,2181
90016167.61,,,4.24,2024-11-12,4.42,4.18,4.38,,,206645,5.47,1.82,-3.42,-0.15,2181
77331622.63,,,4.29,2024-11-13,4.36,4.2,4.21,,,178009,3.77,1.57,1.18,0.05,2181
58417137.45,,,4.18,2024-11-14,4.31,4.17,4.25,,,136099,3.26,1.2,-2.56,-0.11,2181
78848940.98,,,4.16,2024-11-15,4.32,4.14,4.15,,,182497,4.31,1.61,-0.48,-0.02,2181
80598552.0,,,4.03,2024-11-18,4.24,3.99,4.18,,,194799,6.01,1.72,-3.13,-0.13,2181
55337918.11,,,4.1,2024-11-19,4.11,3.98,4.03,,,134680,3.23,1.19,1.74,0.07,2181
195023198.88,,,4.52,2024-11-20,4.52,4.1,4.11,,,433888,10.24,3.82,10.24,0.42,2181
664786525.91,,,4.77,2024-11-21,4.98,4.52,4.65,,,1378759,10.18,12.15,5.53,0.25,2181
485596604.77,,,4.47,2024-11-22,4.85,4.45,4.63,,,1023823,8.39,9.02,-6.29,-0.3,2181
247124945.15,,,4.92,2024-11-25,4.92,4.28,4.58,,,531570,14.32,4.69,10.07,0.45,2181
279453663.57,,,5.42,2024-11-26,5.42,5.05,5.42,,,522667,7.52,4.61,10.16,0.5,2181
655032121.38,,,4.9,2024-11-27,5.23,4.87,5.23,,,1312848,6.64,11.57,-9.59,-0.52,2181
479604492.23,,,4.7,2024-11-28,5.08,4.65,4.78,,,974104,8.78,8.59,-4.08,-0.2,2181
298652472.28,,,4.69,2024-11-29,4.79,4.59,4.6,,,627846,4.26,5.53,-0.21,-0.01,2181
308258657.98,,,4.79,2024-12-02,4.91,4.64,4.65,,,633434,5.76,5.58,2.13,0.1,2181
274585955.87,,,4.83,2024-12-03,4.98,4.73,4.81,,,559648,5.22,4.93,0.84,0.04,2181
197129674.7,,,4.59,2024-12-04,4.8,4.56,4.76,,,416733,4.97,3.67,-4.97,-0.24,2181
253334553.96,,,4.86,2024-12-05,4.88,4.58,4.6,,,522098,6.54,4.6,5.88,0.27,2181
393674243.36,,,5.35,2024-12-06,5.35,4.9,4.9,,,761982,9.26,6.72,10.08,0.49,2181
783218168.04,,,5.35,2024-12-09,5.85,5.26,5.63,,,1401171,11.03,12.35,0.0,0.0,2181
464326496.38,,,5.89,2024-12-10,5.89,5.22,5.42,,,822575,12.52,7.25,10.09,0.54,2181
988041825.37,,,6.49,2024-12-11,6.49,5.68,5.81,,,1557360,13.75,13.73,10.19,0.6,2181
829742975.24,,,7.15,2024-12-12,7.15,6.41,6.51,,,1181265,11.4,10.41,10.17,0.66,2181
348916044.48,,,7.87,2024-12-13,7.87,7.26,7.3,,,448478,8.53,3.95,10.07,0.72,2181
2000281191.13,,,7.53,2024-12-16,8.66,7.24,8.66,,,2367783,18.04,20.87,-4.32,-0.34,2181
1832486065.55,,,8.29,2024-12-17,8.29,7.51,7.51,,,2266558,10.36,19.98,10.09,0.76,2181
344161669.13,,,9.13,2024-12-18,9.13,8.64,8.65,,,381944,5.91,3.37,10.13,0.84,2181
1951089950.77,,,10.05,2024-12-19,10.05,9.24,10.05,,,1942943,8.87,17.13,10.08,0.92,2181
237195248.0,,,9.04,2024-12-20,9.04,9.04,9.04,,,260368,0.0,2.3,-10.05,-1.01,2181
20063760.0,,,8.13,2024-12-23,8.13,8.13,8.13,,,24468,0.0,0.22,-10.07,-0.91,2181
339031296.0,,,7.31,2024-12-24,7.31,7.31,7.31,,,459392,0.0,4.05,-10.09,-0.82,2181
1480871249.66,,,6.59,2024-12-25,7.03,6.57,6.93,,,2200208,6.29,19.39,-9.85,-0.72,2181
1039923493.6,,,6.33,2024-12-26,6.54,6.19,6.3,,,1621216,5.31,14.29,-3.95,-0.26,2181
743831918.97,,,6.31,2024-12-27,6.47,6.14,6.21,,,1164707,5.21,10.27,-0.32,-0.02,2181
666703951.0,,,5.88,2024-12-30,6.24,5.83,6.2,,,1103502,6.5,9.73,-6.81,-0.43,2181
509462121.73,,,5.54,2024-12-31,5.99,5.51,5.99,,,883880,8.16,7.79,-5.78,-0.34,2181
484678517.62,,,5.64,2025-01-02,5.77,5.52,5.59,,,847178,4.51,7.47,1.81,0.1,2181
398093214.18,,,5.32,2025-01-03,5.7,5.3,5.65,,,722341,7.09,6.37,-5.67,-0.32,2181
300570033.0,,,5.35,2025-01-06,5.53,5.23,5.36,,,552168,5.64,4.87,0.56,0.03,2181
365305589.87,,,5.55,2025-01-07,5.56,5.32,5.32,,,661746,4.49,5.83,3.74,0.2,2181
543009631.22,,,5.74,2025-01-08,5.79,5.33,5.48,,,960330,8.29,8.47,3.42,0.19,2181
666810564.61,,,5.78,2025-01-09,6.02,5.6,5.64,,,1128957,7.32,9.95,0.7,0.04,2181
456384484.17,,,5.37,2025-01-10,5.8,5.36,5.7,,,806128,7.61,7.11,-7.09,-0.41,2181
282962191.55,,,5.23,2025-01-13,5.37,5.08,5.23,,,537227,5.4,4.74,-2.61,-0.14,2181
497857289.88,,,5.7,2025-01-14,5.75,5.33,5.33,,,888702,8.03,7.83,8.99,0.47,2181
883072251.35,,,5.91,2025-01-15,6.19,5.74,5.74,,,1476667,7.89,13.02,3.68,0.21,2181
642454341.84,,,5.78,2025-01-16,6.03,5.74,5.88,,,1081863,4.91,9.54,-2.2,-0.13,2181
355062045.38,,,5.62,2025-01-17,5.78,5.57,5.74,,,620745,3.63,5.47,-2.77,-0.16,2181
270452640.01,,,5.6,2025-01-20,5.72,5.55,5.69,,,473356,3.02,4.17,-0.36,-0.02,2181
275476154.53,,,5.54,2025-01-21,5.77,5.45,5.63,,,487366,5.71,4.3,-1.07,-0.06,2181
252297131.8,,,5.32,2025-01-22,5.48,5.26,5.42,,,465994,3.97,4.11,-3.97,-0.22,2181
226395214.1,,,5.27,2025-01-23,5.48,5.27,5.4,,,414832,3.95,3.66,-0.94,-0.05,2181
208938741.2,,,5.4,2025-01-24,5.42,5.2,5.32,,,385765,4.17,3.4,2.47,0.13,2181
221898819.2,,,5.24,2025-01-27,5.58,5.23,5.47,,,404750,6.48,3.57,-2.96,-0.16,2181
211156409.96,,,5.41,2025-02-05,5.45,5.28,5.34,,,385950,3.24,3.4,3.24,0.17,2181
292213691.94,,,5.6,2025-02-06,5.61,5.37,5.42,,,522783,4.44,4.61,3.51,0.19,2181
431882724.7,,,5.74,2025-02-07,5.91,5.56,5.57,,,743975,6.25,6.56,2.5,0.14,2181
479393818.64,,,5.97,2025-02-10,6.01,5.76,5.76,,,800617,4.36,7.06,4.01,0.23,2181
969776736.86,,,6.57,2025-02-11,6.57,5.85,5.98,,,1536328,12.06,13.54,10.05,0.6,2181
1211966846.78,,,6.58,2025-02-12,7.02,6.37,6.51,,,1797656,9.89,15.85,0.15,0.01,2181
993197368.65,,,6.77,2025-02-13,6.99,6.36,6.6,,,1486243,9.57,13.1,2.89,0.19,2181
635044692.31,,,6.36,2025-02-14,6.64,6.24,6.59,,,982628,5.91,8.66,-6.06,-0.41,2181
455042801.44,,,6.37,2025-02-17,6.41,6.26,6.28,,,710966,2.36,6.27,0.16,0.01,2181
420636339.0,,,5.95,2025-02-18,6.36,5.93,6.33,,,680346,6.75,6.0,-6.59,-0.42,2181
332412458.0,,,6.07,2025-02-19,6.08,5.91,5.96,,,547915,2.86,4.83,2.02,0.12,2181
276543210.76,,,6.09,2025-02-20,6.16,6.01,6.04,,,449587,2.47,3.96,0.33,0.02,2181
331822830.93,,,6.2,2025-02-21,6.2,5.96,6.09,,,536921,3.94,4.73,1.81,0.11,2181
255323120.69,,,6.14,2025-02-24,6.19,6.05,6.17,,,412664,2.26,3.64,-0.97,-0.06,2181
251674370.0,,,5.99,2025-02-25,6.11,5.92,6.03,,,414276,3.09,3.65,-2.44,-0.15,2181
198520180.1,,,5.99,2025-02-26,6.1,5.93,6.01,,,327912,2.84,2.89,0.0,0.0,2181
290923564.0,,,5.85,2025-02-27,6.09,5.74,5.96,,,486692,5.84,4.29,-2.34,-0.14,2181
243880947.0,,,5.47,2025-02-28,5.83,5.44,5.81,,,429206,6.67,3.78,-6.5,-0.38,2181
179054099.12,,,5.53,2025-03-03,5.61,5.39,5.48,,,319766,4.02,2.82,1.1,0.06,2181
121646017.24,,,5.6,2025-03-04,5.63,5.47,5.52,,,215642,2.89,1.9,1.27,0.07,2181
119733329.0,,,5.58,2025-03-05,5.61,5.48,5.59,,,213319,2.32,1.88,-0.36,-0.02,2181
219402679.5,,,5.83,2025-03-06,5.84,5.58,5.61,,,378585,4.66,3.34,4.48,0.25,2181
366521680.52,,,5.75,2025-03-07,6.02,5.7,5.84,,,619270,5.49,5.46,-1.37,-0.08,2181
170462643.0,,,5.64,2025-03-10,5.74,5.57,5.7,,,299009,2.96,2.64,-1.91,-0.11,2181
211522136.62,,,5.75,2025-03-11,5.87,5.51,5.55,,,363977,6.38,3.21,1.95,0.11,2181
229127755.96,,,5.87,2025-03-12,5.93,5.75,5.79,,,386340,3.13,3.41,2.09,0.12,2181
191857147.98,,,5.66,2025-03-13,5.84,5.57,5.83,,,334106,4.6,2.94,-3.58,-0.21,2181
140537147.4,,,5.75,2025-03-14,5.78,5.58,5.63,,,243852,3.53,2.15,1.59,0.09,2181
110420424.8,,,5.72,2025-03-17,5.83,5.7,5.78,,,190004,2.26,1.67,-0.52,-0.03,2181
96916524.0,,,5.73,2025-03-18,5.76,5.67,5.72,,,167789,1.57,1.48,0.17,0.01,2181
86787526.0,,,5.62,2025-03-19,5.69,5.59,5.68,,,152542,1.75,1.34,-1.92,-0.11,2181
280144872.46,,,5.76,2025-03-20,5.93,5.55,5.61,,,477853,6.76,4.21,2.49,0.14,2181
139011375.0,,,5.57,2025-03-21,5.76,5.57,5.69,,,243530,3.3,2.15,-3.3,-0.19,2181
189789303.6,,,5.64,2025-03-24,5.64,5.3,5.55,,,344593,6.1,3.04,1.26,0.07,2181
134888865.4,,,5.37,2025-03-25,5.63,5.35,5.58,,,244542,4.96,2.16,-4.79,-0.27,2181
72109284.0,,,5.38,2025-03-26,5.47,5.33,5.36,,,132154,2.61,1.16,0.19,0.01,2181
77947768.68,,,5.35,2025-03-27,5.57,5.35,5.41,,,141751,4.09,1.25,-0.56,-0.03,2181
82732621.6,,,5.31,2025-03-28,5.4,5.27,5.35,,,153169,2.43,1.35,-0.75,-0.04,2181
96763554.0,,,5.27,2025-03-31,5.35,5.12,5.26,,,183427,4.33,1.62,-0.75,-0.04,2181
71178583.6,,,5.31,2025-04-01,5.38,5.27,5.27,,,131836,2.09,1.16,0.76,0.04,2181
73272672.53,,,5.4,2025-04-02,5.42,5.28,5.32,,,134566,2.64,1.19,1.69,0.09,2181
156888479.13,,,5.53,2025-04-03,5.56,5.33,5.35,,,282173,4.26,2.49,2.41,0.13,2181
179535992.2,,,4.97,2025-04-07,5.63,4.97,5.41,,,341134,11.93,3.01,-10.13,-0.56,2181
169489475.51,,,4.77,2025-04-08,5.01,4.55,4.84,,,351564,9.26,3.1,-4.02,-0.2,2181
151925342.33,,,4.87,2025-04-09,4.92,4.3,4.61,,,323037,13.0,2.85,2.1,0.1,2181
176443274.58,,,5.13,2025-04-10,5.24,4.95,4.98,,,340156,5.95,3.0,5.34,0.26,2181
133939108.0,,,5.04,2025-04-11,5.17,5.0,5.12,,,260356,3.31,2.29,-1.75,-0.09,2181
131585697.8,,,5.25,2025-04-14,5.32,5.08,5.09,,,248131,4.76,2.19,4.17,0.21,2181
154300298.41,,,5.28,2025-04-15,5.6,5.23,5.26,,,285646,7.05,2.52,0.57,0.03,2181
136988033.22,,,5.19,2025-04-16,5.38,5.1,5.24,,,258677,5.3,2.28,-1.7,-0.09,2181
87919917.35,,,5.15,2025-04-17,5.23,5.07,5.11,,,167613,3.08,1.48,-0.77,-0.04,2181
63633761.0,,,5.19,2025-04-18,5.21,5.08,5.14,,,121428,2.52,1.07,0.78,0.04,2181
80157560.15,,,5.29,2025-04-21,5.3,5.15,5.23,,,150065,2.89,1.32,1.93,0.1,2181
67379898.33,,,5.27,2025-04-22,5.33,5.24,5.27,,,125981,1.7,1.11,-0.38,-0.02,2181
68730326.94,,,5.28,2025-04-23,5.35,5.25,5.27,,,128336,1.9,1.13,0.19,0.01,2181
62939226.0,,,5.18,2025-04-24,5.28,5.16,5.28,,,119172,2.27,1.05,-1.89,-0.1,2181
70790113.68,,,5.24,2025-04-25,5.32,5.18,5.18,,,132725,2.7,1.17,1.16,0.06,2181
59781056.0,,,5.16,2025-04-28,5.28,5.14,5.22,,,113568,2.67,1.0,-1.53,-0.08,2181
56638784.0,,,5.21,2025-04-29,5.25,5.1,5.15,,,107253,2.91,0.95,0.97,0.05,2181
148585683.74,,,5.41,2025-04-30,5.47,5.36,5.36,,,270656,2.11,2.39,3.84,0.2,2181
133677022.4,,,5.54,2025-05-06,5.55,5.36,5.43,,,241298,3.51,2.13,2.4,0.13,2181
107808533.34,,,5.48,2025-05-07,5.63,5.43,5.61,,,193334,3.61,1.7,-1.08,-0.06,2181
153823807.88,,,5.65,2025-05-08,5.66,5.45,5.46,,,271670,3.83,2.39,3.1,0.17,2181
85890841.0,,,5.5,2025-05-09,5.64,5.48,5.63,,,153492,2.83,1.35,-2.65,-0.15,2181
65754003.36,,,5.5,2025-05-12,5.54,5.46,5.53,,,118204,1.45,1.04,0.0,0.0,2181
78182368.24,,,5.47,2025-05-13,5.63,5.46,5.55,,,139555,3.09,1.23,-0.55,-0.03,2181
65688336.59,,,5.48,2025-05-14,5.52,5.43,5.44,,,118604,1.65,1.05,0.18,0.01,2181
57209607.27,,,5.4,2025-05-15,5.48,5.37,5.48,,,104277,2.01,0.92,-1.46,-0.08,2181
54671481.36,,,5.44,2025-05-16,5.48,5.35,5.39,,,99479,2.41,0.88,0.74,0.04,2181
85672013.2,,,5.57,2025-05-19,5.57,5.42,5.44,,,153313,2.76,1.35,2.39,0.13,2181
107170500.0,,,5.64,2025-05-20,5.66,5.52,5.57,,,188550,2.51,1.66,1.26,0.07,2181
69667004.0,,,5.54,2025-05-21,5.66,5.52,5.61,,,123603,2.48,1.09,-1.77,-0.1,2181
87503279.0,,,5.51,2025-05-22,5.6,5.42,5.53,,,156806,3.25,1.38,-0.54,-0.03,2181
104273803.48,,,5.34,2025-05-23,5.52,5.32,5.46,,,189783,3.63,1.67,-3.09,-0.17,2181
95568190.0,,,5.51,2025-05-26,5.51,5.31,5.32,,,173068,3.75,1.53,3.18,0.17,2181
69502041.32,,,5.52,2025-05-27,5.55,5.43,5.48,,,124768,2.18,1.1,0.18,0.01,2181
97193386.79,,,5.53,2025-05-28,5.55,5.38,5.52,,,175705,3.08,1.55,0.18,0.01,2181
182927221.83,,,5.67,2025-05-29,5.71,5.46,5.53,,,321137,4.52,2.83,2.53,0.14,2181
126407578.0,,,5.47,2025-05-30,5.69,5.46,5.65,,,224492,4.06,1.98,-3.53,-0.2,2181
654056936.28,,,5.85,2025-06-03,6.02,5.42,5.46,,,1099629,10.97,9.69,6.95,0.38,2181
568959776.85,,,5.92,2025-06-04,5.99,5.69,5.79,,,958606,5.13,8.45,1.2,0.07,2181
726397797.19,,,6.17,2025-06-05,6.38,5.88,5.92,,,1167085,8.45,10.29,4.22,0.25,2181
456864863.6,,,5.99,2025-06-06,6.13,5.87,6.12,,,758120,4.21,6.68,-2.92,-0.18,2181
562295621.64,,,6.6,2025-06-09,6.6,6.02,6.08,,,873167,9.68,7.7,10.18,0.61,2181
1235538927.98,,,7.27,2025-06-10,7.27,6.83,6.93,,,1714483,6.67,15.11,10.15,0.67,2181
802848749.77,,,8.0,2025-06-11,8.0,7.64,7.64,,,1003027,4.95,8.84,10.04,0.73,2181
1669902589.2,,,8.81,2025-06-12,8.81,8.02,8.43,,,1946932,9.88,17.16,10.13,0.81,2181
1616914792.93,,,7.92,2025-06-13,8.71,7.92,8.66,,,1952826,8.97,17.21,-10.1,-0.89,2181
1267041229.89,,,7.21,2025-06-16,7.8,7.16,7.65,,,1697718,8.08,14.96,-8.96,-0.71,2181
931569414.32,,,6.86,2025-06-17,7.33,6.83,7.27,,,1325134,6.93,11.68,-4.85,-0.35,2181
564150794.66,,,6.71,2025-06-18,6.86,6.64,6.82,,,832140,3.21,7.33,-2.19,-0.15,2181
579568707.2,,,6.61,2025-06-19,6.79,6.56,6.7,,,859661,3.43,7.58,-1.49,-0.1,2181
477090721.4,,,6.5,2025-06-20,6.59,6.33,6.58,,,731751,3.93,6.45,-1.66,-0.11,2181
408907995.14,,,6.56,2025-06-23,6.57,6.4,6.54,,,621840,2.62,5.48,0.92,0.06,2181
490901107.63,,,6.64,2025-06-24,6.68,6.5,6.52,,,734875,2.74,6.48,1.22,0.08,2181
455844795.47,,,6.61,2025-06-25,6.65,6.48,6.64,,,687463,2.56,6.06,-0.45,-0.03,2181
436843292.41,,,6.6,2025-06-26,6.68,6.48,6.56,,,655247,3.03,5.78,-0.15,-0.01,2181
1040493695.79,,,7.01,2025-06-27,7.23,6.52,6.56,,,1501180,10.76,13.23,6.21,0.41,2181
828061805.72,,,7.14,2025-06-30,7.23,6.78,6.9,,,1173817,6.42,10.35,1.85,0.13,2181
554462437.6,,,6.91,2025-07-01,7.11,6.85,7.05,,,791843,3.64,6.98,-3.22,-0.23,2181
482792211.77,,,6.96,2025-07-02,7.06,6.73,6.81,,,689654,4.78,6.08,0.72,0.05,2181
297776453.13,,,6.83,2025-07-03,6.94,6.8,6.89,,,430931,2.01,3.8,-1.87,-0.13,2181
630869732.35,,,6.95,2025-07-04,7.2,6.85,6.87,,,889143,5.12,7.84,1.76,0.12,2181
836750169.65,,,7.29,2025-07-07,7.43,6.73,6.88,,,1159581,10.07,10.22,4.89,0.34,2181
525608952.29,,,7.21,2025-07-08,7.24,7.09,7.17,,,726380,2.06,6.4,-1.1,-0.08,2181
499110517.4,,,7.2,2025-07-09,7.31,7.09,7.21,,,687232,3.05,6.06,-0.14,-0.01,2181
379338040.1,,,7.04,2025-07-10,7.24,7.01,7.13,,,529976,3.19,4.67,-2.22,-0.16,2181
321660280.0,,,7.04,2025-07-11,7.09,6.93,7.01,,,455152,2.27,4.01,0.0,0.0,2181
265236057.12,,,6.9,2025-07-14,7.02,6.86,6.98,,,379997,2.27,3.35,-1.99,-0.14,2181
239184898.0,,,6.94,2025-07-15,7.03,6.85,6.98,,,342079,2.61,3.02,0.58,0.04,2181
215498006.8,,,6.87,2025-07-16,6.99,6.86,6.93,,,308379,1.87,2.72,-1.01,-0.07,2181
228253807.68,,,6.83,2025-07-17,6.84,6.74,6.81,,,331987,1.46,2.93,-0.58,-0.04,2181
217958612.0,,,6.8,2025-07-18,6.95,6.76,6.86,,,315883,2.78,2.78,-0.44,-0.03,2181
178425761.8,,,6.78,2025-07-21,6.8,6.71,6.78,,,261076,1.32,2.3,-0.29,-0.02,2181
249301185.12,,,6.65,2025-07-22,6.8,6.6,6.78,,,369524,2.95,3.26,-1.92,-0.13,2181
183123892.0,,,6.64,2025-07-23,6.72,6.61,6.62,,,271076,1.65,2.39,-0.15,-0.01,2181
155726438.41,,,6.74,2025-07-24,6.75,6.63,6.63,,,230108,1.81,2.03,1.51,0.1,2181
197402778.0,,,6.73,2025-07-25,6.79,6.69,6.75,,,289801,1.48,2.55,-0.15,-0.01,2181
152129473.1,,,6.76,2025-07-28,6.79,6.68,6.71,,,223306,1.63,1.97,0.45,0.03,2181
758108934.74,,,7.09,2025-07-29,7.38,6.64,6.73,,,1072193,10.95,9.45,4.88,0.33,2181
1198896927.11,,,7.5,2025-07-30,7.81,6.91,6.96,,,1624037,12.69,14.31,5.78,0.41,2181
621037415.96,,,7.23,2025-07-31,7.37,7.17,7.33,,,847014,2.67,7.47,-3.6,-0.27,2181
441823087.33,,,7.03,2025-08-01,7.22,6.95,7.16,,,621034,3.73,5.47,-2.77,-0.2,2181
247909294.73,,,7.02,2025-08-04,7.12,6.88,7.09,,,351966,3.41,3.1,-0.14,-0.01,2181
407977821.8,,,7.1,2025-08-05,7.18,7.01,7.04,,,570113,2.42,5.03,1.14,0.08,2181
289737261.3,,,7.02,2025-08-06,7.14,6.98,7.06,,,408827,2.25,3.6,-1.13,-0.08,2181
230643523.94,,,7.04,2025-08-07,7.08,6.94,7.01,,,325777,1.99,2.87,0.28,0.02,2181
449449384.55,,,7.15,2025-08-08,7.26,6.9,7.04,,,626974,5.11,5.53,1.56,0.11,2181
299123796.47,,,7.09,2025-08-11,7.15,6.99,7.07,,,419128,2.24,3.69,-0.84,-0.06,2181
244786083.01,,,6.98,2025-08-12,7.08,6.96,7.07,,,346368,1.69,3.05,-1.55,-0.11,2181
198238469.96,,,6.97,2025-08-13,7.02,6.94,6.97,,,281727,1.15,2.48,-0.14,-0.01,2181
263976442.85,,,6.79,2025-08-14,6.97,6.78,6.97,,,380254,2.73,3.35,-2.58,-0.18,2181
157311597.76,,,6.89,2025-08-15,6.89,6.79,6.8,,,227446,1.47,2.0,1.47,0.1,2181
397456837.8,,,7.08,2025-08-18,7.13,6.88,6.9,,,559227,3.63,4.93,2.76,0.19,2181
275671906.62,,,7.05,2025-08-19,7.12,7.0,7.09,,,386882,1.69,3.41,-0.42,-0.03,2181
247165258.89,,,7.09,2025-08-20,7.09,7.0,7.02,,,347206,1.28,3.06,0.57,0.04,2181
247385951.2,,,7.07,2025-08-21,7.15,7.04,7.1,,,345391,1.55,3.04,-0.28,-0.02,2181
254668077.37,,,7.11,2025-08-22,7.13,7.04,7.04,,,355402,1.27,3.13,0.57,0.04,2181
479886782.55,,,7.32,2025-08-25,7.36,7.11,7.15,,,655097,3.52,5.77,2.95,0.21,2181
349872353.61,,,7.29,2025-08-26,7.38,7.18,7.24,,,475246,2.73,4.19,-0.41,-0.03,2181
324371157.39,,,7.11,2025-08-27,7.34,7.1,7.29,,,442003,3.29,3.9,-2.47,-0.18,2181
299068620.28,,,7.2,2025-08-28,7.24,6.93,7.18,,,421132,4.36,3.71,1.27,0.09,2181
312486582.27,,,7.23,2025-08-29,7.35,7.15,7.15,,,430397,2.78,3.79,0.42,0.03,2181
382586044.07,,,7.37,2025-09-01,7.4,7.13,7.21,,,522585,3.73,4.61,1.94,0.14,2181
288400969.82,,,7.12,2025-09-02,7.37,7.05,7.35,,,401896,4.34,3.54,-3.39,-0.25,2181
672699145.75,,,7.4,2025-09-03,7.78,7.08,7.12,,,904326,9.83,7.97,3.93,0.28,2181
923111169.82,,,7.7,2025-09-04,7.76,7.15,7.38,,,1220563,8.24,10.76,4.05,0.3,2181
1034526061.1,,,7.89,2025-09-05,8.08,7.51,7.9,,,1325751,7.4,11.69,2.47,0.19,2181
968576134.5,,,7.92,2025-09-08,8.58,7.65,7.65,,,1198415,11.79,10.56,0.38,0.03,2181
1088245591.33,,,8.71,2025-09-09,8.71,7.77,7.86,,,1326430,11.87,11.69,9.97,0.79,2181
1152829590.78,,,9.58,2025-09-10,9.58,8.36,8.6,,,1246430,14.01,10.99,9.99,0.87,2181
2021657114.42,,,9.53,2025-09-11,10.54,8.83,9.78,,,2144793,17.85,18.9,-0.52,-0.05,2181
1934336406.02,,,9.22,2025-09-12,10.3,9.19,9.49,,,1970963,11.65,17.37,-3.25,-0.31,2181
1418778478.93,,,9.04,2025-09-15,9.5,8.65,8.88,,,1575734,9.22,13.89,-1.95,-0.18,2181
1106419747.03,,,8.54,2025-09-16,8.92,8.48,8.85,,,1277865,4.87,11.26,-5.53,-0.5,2181
787679630.05,,,8.23,2025-09-17,8.41,8.17,8.41,,,955703,2.81,8.42,-3.63,-0.31,2181
671998029.4,,,7.99,2025-09-18,8.23,7.89,8.19,,,831443,4.13,7.33,-2.92,-0.24,2181
431475371.64,,,7.89,2025-09-19,8.05,7.84,7.93,,,544678,2.63,4.8,-1.25,-0.1,2181
374651866.7,,,7.88,2025-09-22,7.94,7.75,7.85,,,477574,2.41,4.21,-0.13,-0.01,2181
385669277.43,,,7.69,2025-09-23,7.87,7.45,7.84,,,505895,5.33,4.46,-2.41,-0.19,2181
227412631.53,,,7.73,2025-09-24,7.75,7.58,7.6,,,296117,2.21,2.61,0.52,0.04,2181
447030540.99,,,7.88,2025-09-25,7.97,7.66,7.7,,,570656,4.01,5.03,1.94,0.15,2181
711813316.03,,,8.15,2025-09-26,8.35,7.7,7.82,,,885252,8.25,7.8,3.43,0.27,2181
397708217.08,,,8.02,2025-09-29,8.16,7.99,8.02,,,493368,2.09,4.35,-1.6,-0.13,2181
350709672.71,,,8.05,2025-09-30,8.09,7.9,8.01,,,438325,2.37,3.86,0.37,0.03,2181
336038974.97,,,7.86,2025-10-09,8.06,7.75,8.05,,,427030,3.85,3.76,-2.36,-0.19,2181
272651178.85,,,7.89,2025-10-10,8.07,7.77,7.79,,,343737,3.82,3.03,0.38,0.03,2181
234710179.82,,,7.81,2025-10-13,7.83,7.48,7.5,,,304062,4.44,2.68,-1.01,-0.08,2181
703377323.67,,,8.18,2025-10-14,8.39,7.85,7.87,,,860691,6.91,7.59,4.74,0.37,2181
342277237.65,,,8.24,2025-10-15,8.28,8.07,8.19,,,418683,2.57,3.69,0.73,0.06,2181
715917515.28,,,8.47,2025-10-16,8.6,8.16,8.16,,,845692,5.34,7.45,2.79,0.23,2181
844438097.9,,,8.64,2025-10-17,8.88,8.34,8.39,,,975954,6.38,8.6,2.01,0.17,2181
656766799.33,,,8.65,2025-10-20,8.88,8.51,8.77,,,757433,4.28,6.68,0.12,0.01,2181
912326346.92,,,9.1,2025-10-21,9.23,8.62,8.71,,,1011878,7.05,8.92,5.2,0.45,2181
840422963.06,,,8.91,2025-10-22,9.36,8.9,8.95,,,923987,5.05,8.14,-2.09,-0.19,2181
735581013.47,,,8.91,2025-10-23,9.02,8.51,8.95,,,836151,5.72,7.37,0.0,0.0,2181
607704409.74,,,8.93,2025-10-24,9.15,8.81,9.0,,,678144,3.82,5.98,0.22,0.02,2181
744219806.74,,,9.1,2025-10-27,9.3,8.8,9.0,,,822860,5.6,7.25,1.9,0.17,2181
1064377601.78,,,10.01,2025-10-28,10.01,9.0,9.11,,,1111330,11.1,9.8,10.0,0.91,2181
1083864958.01,,,9.74,2025-10-29,10.38,9.63,10.0,,,1100284,7.49,9.7,-2.7,-0.27,2181
970480738.69,,,9.58,2025-10-30,10.24,9.46,9.79,,,996160,8.01,8.78,-1.64,-0.16,2181
746651477.84,,,10.54,2025-10-31,10.54,9.6,9.78,,,733334,9.81,6.46,10.02,0.96,2181
91094259.11,,,11.59,2025-11-03,11.59,11.59,11.59,,,78597,0.0,0.69,9.96,1.05,2181
996530281.96,,,12.75,2025-11-04,12.75,12.5,12.74,,,783331,2.16,6.9,10.01,1.16,2181
3411894327.87,,,13.15,2025-11-05,13.99,12.01,12.63,,,2641528,15.53,23.28,3.14,0.4,2181
990116876.71,,,11.84,2025-11-06,13.0,11.84,12.81,,,817926,8.82,7.21,-9.96,-1.31,2181
2093736636.43,,,10.66,2025-11-07,11.17,10.66,10.67,,,1929417,4.31,17.01,-9.97,-1.18,2181
1652798782.37,,,10.4,2025-11-10,11.11,10.37,10.67,,,1540694,6.94,13.58,-2.44,-0.26,2181
1238568107.17,,,10.13,2025-11-11,10.34,10.04,10.2,,,1218478,2.88,10.74,-2.6,-0.27,2181
877697056.57,,,9.84,2025-11-12,10.18,9.75,10.02,,,887227,4.24,7.82,-2.86,-0.29,2181
568677557.98,,,9.85,2025-11-13,9.93,9.67,9.75,,,578069,2.64,5.1,0.1,0.01,2181
468784239.67,,,9.64,2025-11-14,9.8,9.63,9.75,,,483248,1.73,4.26,-2.13,-0.21,2181
373904941.11,,,9.63,2025-11-17,9.73,9.51,9.57,,,389101,2.28,3.43,-0.1,-0.01,2181
484918949.17,,,9.45,2025-11-18,9.67,9.4,9.63,,,509644,2.8,4.49,-1.87,-0.18,2181
413245592.98,,,9.34,2025-11-19,9.43,9.19,9.4,,,444646,2.54,3.92,-1.16,-0.11,2181
341752023.96,,,9.1,2025-11-20,9.37,9.09,9.36,,,371459,3.0,3.27,-2.57,-0.24,2181
454090459.26,,,8.94,2025-11-21,9.25,8.93,8.96,,,500473,3.52,4.41,-1.76,-0.16,2181
465708720.96,,,9.15,2025-11-24,9.22,8.87,8.96,,,514304,3.91,4.53,2.35,0.21,2181
565424833.24,,,9.31,2025-11-25,9.41,9.09,9.15,,,608690,3.5,5.37,1.75,0.16,2181
490576658.66,,,9.26,2025-11-26,9.47,9.17,9.2,,,525879,3.22,4.64,-0.54,-0.05,2181
369246107.17,,,9.26,2025-11-27,9.38,9.21,9.25,,,397768,1.84,3.51,0.0,0.0,2181
572908875.92,,,9.46,2025-11-28,9.5,9.22,9.26,,,608081,3.02,5.36,2.16,0.2,2181
492101150.18,,,9.49,2025-12-01,9.65,9.38,9.41,,,516683,2.85,4.55,0.32,0.03,2181
349764374.63,,,9.35,2025-12-02,9.51,9.3,9.47,,,372719,2.21,3.29,-1.48,-0.14,2181
314633988.83,,,9.17,2025-12-03,9.45,9.13,9.32,,,340848,3.42,3.0,-1.93,-0.18,2181
288521513.32,,,8.94,2025-12-04,9.2,8.91,9.13,,,320139,3.16,2.82,-2.51,-0.23,2181
230536218.86,,,8.98,2025-12-05,9.02,8.81,8.91,,,257997,2.35,2.27,0.45,0.04,2181
220489344.04,,,9.1,2025-12-08,9.14,8.98,8.98,,,242635,1.78,2.14,1.34,0.12,2181
322013876.17,,,9.14,2025-12-09,9.34,9.06,9.09,,,350593,3.08,3.09,0.44,0.04,2181
236981375.56,,,9.15,2025-12-10,9.22,9.02,9.05,,,259953,2.19,2.29,0.11,0.01,2181
397331407.26,,,8.66,2025-12-11,9.16,8.24,9.14,,,450390,10.05,3.97,-5.36,-0.49,2181
283722660.99,,,8.47,2025-12-12,8.66,8.47,8.65,,,331849,2.19,2.93,-2.19,-0.19,2181
164742926.54,,,8.47,2025-12-15,8.57,8.35,8.45,,,194349,2.6,1.71,0.0,0.0,2181
188740532.63,,,8.22,2025-12-16,8.45,8.19,8.4,,,228083,3.07,2.01,-2.95,-0.25,2181
188141579.93,,,8.29,2025-12-17,8.31,8.1,8.16,,,229428,2.55,2.02,0.85,0.07,2181
237145341.0,,,8.26,2025-12-18,8.45,8.24,8.35,,,284020,2.53,2.5,-0.36,-0.03,2181
241215010.6,,,8.43,2025-12-19,8.45,8.2,8.3,,,288571,3.03,2.54,2.06,0.17,2181
381728564.82,,,8.53,2025-12-22,8.67,8.35,8.37,,,449277,3.8,3.96,1.19,0.1,2181
246911130.34,,,8.31,2025-12-23,8.45,8.29,8.45,,,295746,1.88,2.61,-2.58,-0.22,2181
143074344.99,,,8.37,2025-12-24,8.39,8.27,8.29,,,171625,1.44,1.51,0.72,0.06,2181
198695411.85,,,8.53,2025-12-25,8.54,8.35,8.37,,,234929,2.27,2.07,1.91,0.16,2181
168357174.91,,,8.49,2025-12-26,8.6,8.44,8.54,,,197515,1.88,1.74,-0.47,-0.04,2181
145098692.73,,,8.49,2025-12-29,8.57,8.45,8.46,,,170612,1.41,1.5,0.0,0.0,2181
227693978.0,,,8.45,2025-12-30,8.65,8.43,8.49,,,267149,2.59,2.35,-0.47,-0.04,2181
487747782.25,,,8.62,2025-12-31,8.82,8.41,8.45,,,563072,4.85,4.96,2.01,0.17,2181
512563876.99,,,8.95,2026-01-05,8.95,8.62,8.65,,,580800,3.83,5.12,3.83,0.33,2181
475249221.95,,,9.04,2026-01-06,9.14,8.81,8.86,,,526682,3.69,4.64,1.01,0.09,2181
387121282.71,3.21,-0.1,8.94,2026-01-07,9.17,8.88,9.0,-1.11,3.79,429561,,,,,2181
144485874.46,3.13,0.12,9.06,2026-01-08,9.14,8.86,8.92,1.34,1.41,160114,,,,,2181
706631260.01,,,10.08,2026-01-09,10.08,9.1,9.15,,,731731,10.7,6.45,10.04,0.92,2181
1638225187.94,,,11.09,2026-01-12,11.09,10.38,10.38,,,1531504,7.04,13.5,10.02,1.01,2181
1858571258.6,,,10.5,2026-01-13,11.68,10.32,11.34,,,1706363,12.26,15.04,-5.32,-0.59,2181
2055081129.76,,,11.55,2026-01-14,11.55,10.3,10.39,,,1841391,11.9,16.23,10.0,1.05,2181
1282716583.19,,,10.95,2026-01-15,11.44,10.58,11.44,,,1179265,7.45,10.39,-5.19,-0.6,2181
991213233.55,,,10.61,2026-01-16,11.5,10.33,10.7,,,916130,10.68,8.08,-3.11,-0.34,002181
