amount,amplitude,change,close,date,high,low,open,pct_change,turnover,volume,振幅,换手率,涨跌幅,涨跌额,股票代码
58875124.22,,,10.33,2024-01-08,10.54,10.31,10.54,,,45154,2.18,0.71,-1.99,-0.21,2960
52696962.29,,,10.32,2024-01-09,10.53,10.26,10.31,,,40601,2.61,0.64,-0.1,-0.01,2960
49442437.91,,,10.29,2024-01-10,10.46,10.17,10.32,,,38210,2.81,0.6,-0.29,-0.03,2960
79348320.19,,,10.75,2024-01-11,10.76,10.33,10.46,,,60029,4.18,0.95,4.47,0.46,2960
60067064.06,,,10.67,2024-01-12,10.9,10.63,10.75,,,44715,2.51,0.71,-0.74,-0.08,2960
42795873.23,,,10.68,2024-01-15,10.72,10.48,10.66,,,32174,2.25,0.51,0.09,0.01,2960
89555187.49,,,10.92,2024-01-16,11.01,10.58,10.67,,,66145,4.03,1.05,2.25,0.24,2960
168211636.22,,,10.94,2024-01-17,11.34,10.81,10.89,,,121199,4.85,1.92,0.18,0.02,2960
147880320.33,,,10.86,2024-01-18,11.44,10.46,10.91,,,108566,8.96,1.72,-0.73,-0.08,2960
87713343.98,,,10.44,2024-01-19,10.94,10.42,10.82,,,66126,4.79,1.05,-3.87,-0.42,2960
76433514.29,,,9.86,2024-01-22,10.49,9.81,10.46,,,60112,6.51,0.95,-5.56,-0.58,2960
67821401.43,,,10.02,2024-01-23,10.15,9.72,9.8,,,54363,4.36,0.86,1.62,0.16,2960
57804939.28,,,9.96,2024-01-24,10.11,9.58,10.06,,,46772,5.29,0.74,-0.6,-0.06,2960
161933321.23,,,10.9,2024-01-25,11.0,10.17,10.67,,,122395,8.33,1.93,9.44,0.94,2960
128415341.28,,,10.37,2024-01-26,10.86,10.33,10.85,,,97245,4.86,1.54,-4.86,-0.53,2960
416112567.65,,,11.13,2024-01-29,11.46,10.58,10.7,,,299449,8.49,4.73,7.33,0.76,2960
309065125.96,,,9.97,2024-01-30,10.77,9.97,10.56,,,237114,7.19,3.75,-10.42,-1.16,2960
149495220.96,,,9.67,2024-01-31,10.41,9.63,9.78,,,120364,7.82,1.9,-3.01,-0.3,2960
113074397.29,,,9.41,2024-02-01,9.77,9.16,9.54,,,95424,6.31,1.51,-2.69,-0.26,2960
110238133.09,,,9.08,2024-02-02,9.7,8.76,9.39,,,94593,9.99,1.5,-3.51,-0.33,2960
126173591.56,,,8.57,2024-02-05,9.1,8.13,8.95,,,116446,10.68,1.84,-5.62,-0.51,2960
144339078.04,,,9.47,2024-02-06,9.47,8.41,8.45,,,125602,12.37,1.98,10.5,0.9,2960
191554905.8,,,10.46,2024-02-07,10.46,9.56,9.61,,,152090,9.5,2.4,10.45,0.99,2960
307804442.68,,,11.13,2024-02-08,11.53,10.21,10.46,,,224026,12.62,3.54,6.41,0.67,2960
114904104.61,,,10.91,2024-02-19,11.29,10.72,10.8,,,84042,5.12,1.33,-1.98,-0.22,2960
78553436.58,,,10.94,2024-02-20,11.02,10.71,10.81,,,57676,2.84,0.91,0.27,0.03,2960
109348407.43,,,11.02,2024-02-21,11.21,10.8,10.91,,,79088,3.75,1.25,0.73,0.08,2960
126154237.75,,,11.28,2024-02-22,11.31,11.01,11.16,,,90257,2.72,1.43,2.36,0.26,2960
97538167.05,,,11.13,2024-02-23,11.21,10.89,11.21,,,70575,2.84,1.11,-1.33,-0.15,2960
304525335.53,,,11.79,2024-02-26,12.17,11.48,11.79,,,206534,6.2,3.26,5.93,0.66,2960
137340841.37,,,11.81,2024-02-27,11.98,11.6,11.71,,,94021,3.22,1.48,0.17,0.02,2960
153776981.56,,,11.21,2024-02-28,12.03,11.21,11.81,,,106084,6.94,1.68,-5.08,-0.6,2960
89385190.81,,,11.53,2024-02-29,11.61,10.98,10.99,,,62665,5.62,0.99,2.85,0.32,2960
128112527.33,,,11.79,2024-03-01,11.96,11.46,11.54,,,87623,4.34,1.38,2.25,0.26,2960
207537616.16,,,12.09,2024-03-04,12.18,11.64,11.67,,,138898,4.58,2.19,2.54,0.3,2960
95709650.0,,,11.77,2024-03-05,12.07,11.71,12.07,,,64969,2.98,1.03,-2.65,-0.32,2960
111968067.42,,,11.51,2024-03-06,11.77,11.49,11.7,,,77359,2.38,1.22,-2.21,-0.26,2960
101821826.42,,,11.26,2024-03-07,11.75,11.21,11.51,,,71366,4.69,1.13,-2.17,-0.25,2960
94172702.7,,,11.26,2024-03-08,11.41,11.21,11.21,,,66859,1.78,1.06,0.0,0.0,2960
86224794.85,,,11.38,2024-03-11,11.41,11.19,11.29,,,61124,1.95,0.97,1.07,0.12,2960
127108845.92,,,11.6,2024-03-12,11.63,11.3,11.42,,,88785,2.9,1.4,1.93,0.22,2960
163636450.64,,,11.65,2024-03-13,11.99,11.44,11.59,,,112145,4.74,1.77,0.43,0.05,2960
265746536.39,,,12.01,2024-03-14,12.17,11.67,11.88,,,179108,4.29,2.83,3.09,0.36,2960
240248688.61,,,12.21,2024-03-15,12.42,11.98,12.04,,,158757,3.66,2.51,1.67,0.2,2960
366698422.48,,,12.87,2024-03-18,13.21,12.26,12.68,,,231395,7.78,3.65,5.41,0.66,2960
196247633.62,,,12.36,2024-03-19,12.77,12.32,12.76,,,126385,3.5,2.0,-3.96,-0.51,2960
265124420.82,,,12.76,2024-03-20,13.15,12.11,12.23,,,170113,8.41,2.69,3.24,0.4,2960
206582189.28,,,12.78,2024-03-21,13.14,12.62,12.65,,,129598,4.08,2.05,0.16,0.02,2960
129844999.28,,,12.44,2024-03-22,12.81,12.31,12.76,,,83440,3.91,1.32,-2.66,-0.34,2960
114180415.12,,,12.3,2024-03-25,12.71,12.24,12.38,,,73718,3.78,1.16,-1.13,-0.14,2960
183351114.7,,,11.75,2024-03-26,12.16,11.61,12.15,,,124595,4.47,1.97,-4.47,-0.55,2960
145647070.62,,,11.79,2024-03-27,12.28,11.51,11.75,,,98456,6.55,1.55,0.34,0.04,2960
141738333.59,,,12.22,2024-03-28,12.41,11.71,11.71,,,94142,5.94,1.49,3.65,0.43,2960
100495694.65,,,12.02,2024-03-29,12.29,11.83,12.17,,,67192,3.76,1.06,-1.64,-0.2,2960
94408813.66,,,12.14,2024-04-01,12.26,11.99,12.23,,,62745,2.25,0.99,1.0,0.12,2960
94854049.27,,,12.15,2024-04-02,12.26,11.97,12.05,,,62847,2.39,0.99,0.08,0.01,2960
78414022.27,,,11.97,2024-04-03,12.12,11.79,12.12,,,52775,2.72,0.83,-1.48,-0.18,2960
70801101.52,,,11.59,2024-04-08,11.97,11.59,11.87,,,48207,3.17,0.76,-3.17,-0.38,2960
55725744.73,,,11.63,2024-04-09,11.71,11.48,11.67,,,38578,1.98,0.61,0.35,0.04,2960
107861668.62,,,11.25,2024-04-10,11.8,11.13,11.8,,,76164,5.76,1.2,-3.27,-0.38,2960
69431468.2,,,11.15,2024-04-11,11.36,11.11,11.15,,,49621,2.22,0.78,-0.89,-0.1,2960
50230576.08,,,11.16,2024-04-12,11.36,11.11,11.11,,,35833,2.24,0.57,0.09,0.01,2960
83619789.57,,,11.09,2024-04-15,11.42,10.88,11.13,,,60214,4.84,0.95,-0.63,-0.07,2960
105704397.44,,,11.02,2024-04-16,11.34,10.85,11.05,,,76220,4.42,1.2,-0.63,-0.07,2960
101914537.76,,,11.46,2024-04-17,11.46,11.09,11.16,,,72165,3.36,1.14,3.99,0.44,2960
101783552.02,,,11.56,2024-04-18,11.78,11.31,11.4,,,70389,4.1,1.11,0.87,0.1,2960
53508177.65,,,11.44,2024-04-19,11.63,11.38,11.46,,,37381,2.16,0.59,-1.04,-0.12,2960
46963609.88,,,11.51,2024-04-22,11.56,11.22,11.37,,,32892,2.97,0.52,0.61,0.07,2960
54454989.88,,,11.47,2024-04-23,11.62,11.28,11.54,,,38194,2.95,0.6,-0.35,-0.04,2960
59741436.99,,,11.5,2024-04-24,11.6,11.43,11.45,,,41624,1.48,0.66,0.26,0.03,2960
107002289.75,,,11.71,2024-04-25,11.92,11.33,11.5,,,73871,5.13,1.17,1.83,0.21,2960
97466552.17,,,11.74,2024-04-26,11.77,11.4,11.53,,,67204,3.16,1.06,0.26,0.03,2960
150679085.98,,,11.71,2024-04-29,11.86,11.37,11.59,,,104102,4.17,1.64,-0.26,-0.03,2960
117114070.6,,,11.88,2024-04-30,12.1,11.68,11.8,,,80839,3.59,1.28,1.45,0.17,2960
144710854.4,,,12.35,2024-05-06,12.48,12.0,12.08,,,96798,4.04,1.53,3.96,0.47,2960
107698577.73,,,12.46,2024-05-07,12.52,12.18,12.34,,,71485,2.75,1.13,0.89,0.11,2960
77638810.14,,,12.16,2024-05-08,12.48,12.13,12.43,,,52062,2.81,0.82,-2.41,-0.3,2960
65220986.63,,,12.23,2024-05-09,12.38,12.12,12.12,,,43817,2.14,0.69,0.58,0.07,2960
140331168.01,,,12.46,2024-05-10,12.58,12.02,12.19,,,93431,4.58,1.47,1.88,0.23,2960
66632544.03,,,12.29,2024-05-13,12.51,12.27,12.35,,,44356,1.93,0.7,-1.36,-0.17,2960
163005241.84,,,12.07,2024-05-14,12.38,11.88,12.22,,,111248,4.07,1.76,-1.79,-0.22,2960
68049899.58,,,12.0,2024-05-15,12.22,11.92,12.01,,,46276,2.49,0.73,-0.58,-0.07,2960
63409007.69,,,12.05,2024-05-16,12.23,11.98,12.05,,,43141,2.08,0.68,0.42,0.05,2960
85950156.91,,,12.38,2024-05-17,12.43,12.01,12.07,,,57712,3.49,0.91,2.74,0.33,2960
119520244.92,,,12.51,2024-05-20,12.65,12.35,12.41,,,78366,2.42,1.24,1.05,0.13,2960
51400901.29,,,12.29,2024-05-21,12.54,12.25,12.48,,,34196,2.32,0.54,-1.76,-0.22,2960
45928270.54,,,12.34,2024-05-22,12.53,12.28,12.29,,,30486,2.03,0.48,0.41,0.05,2960
79198839.41,,,12.01,2024-05-23,12.34,12.0,12.34,,,53574,2.76,0.85,-2.67,-0.33,2960
75730676.2,,,11.83,2024-05-24,12.18,11.81,12.02,,,51869,3.08,0.82,-1.5,-0.18,2960
97509789.79,,,11.72,2024-05-27,11.94,11.4,11.83,,,69111,4.56,1.09,-0.93,-0.11,2960
45724412.28,,,11.61,2024-05-28,11.75,11.57,11.71,,,32249,1.54,0.51,-0.94,-0.11,2960
45229682.04,,,11.52,2024-05-29,11.71,11.47,11.51,,,32078,2.07,0.51,-0.78,-0.09,2960
45360756.83,,,11.63,2024-05-30,11.67,11.41,11.49,,,32171,2.26,0.51,0.95,0.11,2960
40022711.19,,,11.67,2024-05-31,11.78,11.63,11.65,,,28119,1.29,0.44,0.34,0.04,2960
38004804.3,,,11.53,2024-06-03,11.71,11.45,11.69,,,26989,2.23,0.43,-1.2,-0.14,2960
42165243.44,,,11.59,2024-06-04,11.6,11.35,11.43,,,30213,2.17,0.48,0.52,0.06,2960
31756734.78,,,11.38,2024-06-05,11.6,11.38,11.53,,,22746,1.9,0.36,-1.81,-0.21,2960
54793711.8,,,11.13,2024-06-06,11.43,11.0,11.28,,,40353,3.78,0.64,-2.2,-0.25,2960
38304862.34,,,11.28,2024-06-07,11.33,11.14,11.24,,,27997,1.71,0.44,1.35,0.15,2960
36597601.04,,,11.33,2024-06-11,11.4,11.12,11.25,,,26628,2.48,0.42,0.44,0.05,2960
32154339.65,,,11.31,2024-06-12,11.48,11.29,11.32,,,23223,1.68,0.37,-0.18,-0.02,2960
41799530.29,,,11.38,2024-06-13,11.45,11.19,11.3,,,30260,2.3,0.48,0.62,0.07,2960
52883771.64,,,11.49,2024-06-14,11.52,11.24,11.39,,,38052,2.46,0.6,0.97,0.11,2960
43577075.15,,,11.46,2024-06-17,11.64,11.39,11.43,,,31030,2.18,0.49,-0.26,-0.03,2960
31104984.19,,,11.54,2024-06-18,11.61,11.44,11.59,,,22149,1.48,0.35,0.7,0.08,2960
31932855.4,,,11.42,2024-06-19,11.62,11.38,11.55,,,22890,2.08,0.36,-1.04,-0.12,2960
36835140.52,,,11.13,2024-06-20,11.43,11.12,11.39,,,26904,2.71,0.42,-2.54,-0.29,2960
32619832.95,,,11.0,2024-06-21,11.18,10.99,11.11,,,24221,1.71,0.38,-1.17,-0.13,2960
65412934.91,,,10.51,2024-06-24,10.98,10.49,10.93,,,50530,4.45,0.8,-4.45,-0.49,2960
36509521.27,,,10.45,2024-06-25,10.67,10.36,10.53,,,28534,2.95,0.46,-0.57,-0.06,2960
44076084.95,,,10.68,2024-06-26,10.71,10.21,10.4,,,34419,4.78,0.56,2.2,0.23,2960
54891981.29,,,10.33,2024-06-27,10.74,10.25,10.68,,,43290,4.59,0.7,-3.28,-0.35,2960
46256025.27,,,10.37,2024-06-28,10.63,10.28,10.32,,,36158,3.39,0.58,0.39,0.04,2960
33013749.39,,,10.46,2024-07-01,10.56,10.23,10.36,,,26055,3.18,0.42,0.87,0.09,2960
33934789.61,,,10.33,2024-07-02,10.5,10.22,10.45,,,26865,2.68,0.43,-1.24,-0.13,2960
34058573.0,,,10.13,2024-07-03,10.38,10.13,10.32,,,27322,2.42,0.44,-1.94,-0.2,2960
45366014.06,,,9.83,2024-07-04,10.2,9.82,10.18,,,37290,3.75,0.6,-2.96,-0.3,2960
35143225.81,,,9.86,2024-07-05,9.92,9.72,9.79,,,29362,2.03,0.47,0.31,0.03,2960
50593862.26,,,9.53,2024-07-08,9.88,9.49,9.87,,,42859,3.96,0.69,-3.35,-0.33,2960
72123305.72,,,9.69,2024-07-09,9.76,9.29,9.54,,,62097,4.93,1.0,1.68,0.16,2960
100485934.12,,,9.34,2024-07-10,9.77,9.29,9.63,,,87240,4.95,1.41,-3.61,-0.35,2960
81295776.7,,,9.41,2024-07-11,9.62,9.33,9.48,,,70319,3.1,1.13,0.75,0.07,2960
103448109.5,,,9.68,2024-07-12,9.96,9.62,9.73,,,87141,3.61,1.41,2.87,0.27,2960
127269567.12,,,9.2,2024-07-15,9.68,9.19,9.65,,,111726,5.06,1.8,-4.96,-0.48,2960
96680459.56,,,9.17,2024-07-16,9.29,9.03,9.23,,,86581,2.83,1.4,-0.33,-0.03,2960
85976248.49,,,9.09,2024-07-17,9.37,9.06,9.23,,,76986,3.38,1.24,-0.87,-0.08,2960
82795541.24,,,9.11,2024-07-18,9.23,8.93,9.05,,,74837,3.3,1.21,0.22,0.02,2960
48005218.62,,,9.11,2024-07-19,9.19,9.01,9.05,,,43119,1.98,0.7,0.0,0.0,2960
58303309.03,,,9.21,2024-07-22,9.29,9.13,9.13,,,51863,1.76,0.84,1.1,0.1,2960
54481313.73,,,8.97,2024-07-23,9.2,8.97,9.16,,,49283,2.5,0.79,-2.61,-0.24,2960
47351986.16,,,8.87,2024-07-24,9.02,8.82,8.96,,,43620,2.23,0.7,-1.11,-0.1,2960
39372594.66,,,8.87,2024-07-25,8.98,8.76,8.83,,,36202,2.48,0.58,0.0,0.0,2960
53597249.21,,,9.13,2024-07-26,9.18,8.88,8.88,,,48335,3.38,0.78,2.93,0.26,2960
38860799.72,,,9.01,2024-07-29,9.13,8.98,9.13,,,35171,1.64,0.57,-1.31,-0.12,2960
33563362.34,,,8.97,2024-07-30,9.08,8.84,9.0,,,30718,2.66,0.5,-0.44,-0.04,2960
87958418.88,,,9.36,2024-07-31,9.38,8.93,8.97,,,78010,5.02,1.26,4.35,0.39,2960
50791594.74,,,9.23,2024-08-01,9.45,9.18,9.35,,,44852,2.88,0.72,-1.39,-0.13,2960
51236606.61,,,9.1,2024-08-02,9.26,9.05,9.18,,,45783,2.28,0.74,-1.41,-0.13,2960
66099304.51,,,8.9,2024-08-05,9.2,8.83,9.07,,,60149,4.07,0.97,-2.2,-0.2,2960
66023762.5,,,9.03,2024-08-06,9.13,8.88,8.96,,,60035,2.81,0.97,1.46,0.13,2960
47596898.13,,,8.97,2024-08-07,9.07,8.93,9.03,,,43356,1.55,0.7,-0.66,-0.06,2960
47476609.21,,,8.91,2024-08-08,8.99,8.76,8.95,,,43800,2.56,0.71,-0.67,-0.06,2960
40271633.6,,,8.91,2024-08-09,9.03,8.89,8.91,,,36812,1.57,0.59,0.0,0.0,2960
28363564.5,,,8.83,2024-08-12,8.95,8.8,8.86,,,26248,1.68,0.42,-0.9,-0.08,2960
25221656.7,,,8.88,2024-08-13,8.88,8.78,8.82,,,23358,1.13,0.38,0.57,0.05,2960
32937545.21,,,8.73,2024-08-14,8.9,8.72,8.88,,,30732,2.03,0.5,-1.69,-0.15,2960
48274730.17,,,8.81,2024-08-15,8.9,8.68,8.74,,,44819,2.52,0.72,0.92,0.08,2960
35118789.88,,,8.67,2024-08-16,8.83,8.67,8.81,,,32867,1.82,0.53,-1.59,-0.14,2960
33421555.26,,,8.66,2024-08-19,8.77,8.63,8.67,,,31459,1.61,0.51,-0.12,-0.01,2960
46317097.03,,,8.44,2024-08-20,8.66,8.4,8.63,,,44589,3.0,0.72,-2.54,-0.22,2960
28345180.04,,,8.41,2024-08-21,8.5,8.36,8.42,,,27524,1.66,0.44,-0.36,-0.03,2960
47168327.18,,,8.18,2024-08-22,8.46,8.14,8.42,,,46648,3.8,0.75,-2.73,-0.23,2960
182458780.26,,,7.52,2024-08-23,7.88,7.4,7.74,,,196259,5.87,3.17,-8.07,-0.66,2960
80710334.28,,,7.58,2024-08-26,7.68,7.52,7.58,,,86615,2.13,1.4,0.8,0.06,2960
40565378.78,,,7.47,2024-08-27,7.58,7.41,7.58,,,44370,2.24,0.72,-1.45,-0.11,2960
41640738.77,,,7.45,2024-08-28,7.52,7.38,7.42,,,45611,1.87,0.74,-0.27,-0.02,2960
44351757.5,,,7.67,2024-08-29,7.71,7.39,7.47,,,47647,4.3,0.77,2.95,0.22,2960
60737583.89,,,7.77,2024-08-30,7.96,7.57,7.69,,,63483,5.08,1.02,1.3,0.1,2960
49191908.95,,,7.56,2024-09-02,7.8,7.54,7.75,,,52641,3.35,0.85,-2.7,-0.21,2960
31124664.86,,,7.64,2024-09-03,7.69,7.53,7.53,,,33335,2.12,0.54,1.06,0.08,2960
30994871.1,,,7.64,2024-09-04,7.71,7.55,7.67,,,33064,2.09,0.53,0.0,0.0,2960
29483575.27,,,7.72,2024-09-05,7.74,7.61,7.61,,,31263,1.7,0.5,1.05,0.08,2960
44775381.19,,,7.53,2024-09-06,7.75,7.48,7.74,,,48052,3.5,0.78,-2.46,-0.19,2960
32220759.34,,,7.48,2024-09-09,7.58,7.42,7.55,,,35146,2.12,0.57,-0.66,-0.05,2960
30805351.78,,,7.53,2024-09-10,7.56,7.38,7.49,,,33644,2.41,0.54,0.67,0.05,2960
24619887.49,,,7.49,2024-09-11,7.58,7.44,7.5,,,26746,1.86,0.43,-0.53,-0.04,2960
41567269.72,,,7.42,2024-09-12,7.63,7.4,7.47,,,45183,3.07,0.73,-0.93,-0.07,2960
53730791.87,,,7.28,2024-09-13,7.46,7.23,7.43,,,59847,3.1,0.97,-1.89,-0.14,2960
28947031.22,,,7.25,2024-09-18,7.36,7.13,7.28,,,32585,3.16,0.53,-0.41,-0.03,2960
51002275.55,,,7.36,2024-09-19,7.53,7.22,7.28,,,56345,4.28,0.91,1.52,0.11,2960
48550067.72,,,7.28,2024-09-20,7.39,7.22,7.33,,,54390,2.31,0.88,-1.09,-0.08,2960
33089204.72,,,7.26,2024-09-23,7.32,7.19,7.28,,,37133,1.79,0.6,-0.27,-0.02,2960
86163419.12,,,7.58,2024-09-24,7.58,7.25,7.29,,,94069,4.55,1.52,4.41,0.32,2960
92756426.74,,,7.63,2024-09-25,7.88,7.62,7.64,,,97577,3.43,1.57,0.66,0.05,2960
92810798.02,,,8.07,2024-09-26,8.07,7.62,7.63,,,96396,5.9,1.55,5.77,0.44,2960
152968392.28,,,8.54,2024-09-27,8.67,8.22,8.33,,,148047,5.58,2.39,5.82,0.47,2960
328495895.5,,,9.41,2024-09-30,9.42,8.73,8.75,,,294436,8.08,4.75,10.19,0.87,2960
311416421.79,,,9.88,2024-10-08,10.37,9.34,10.37,,,258634,10.95,4.17,4.99,0.47,2960
226821765.39,,,8.88,2024-10-09,9.58,8.88,9.58,,,203115,7.09,3.28,-10.12,-1.0,2960
142043362.03,,,8.73,2024-10-10,9.15,8.59,8.83,,,131372,6.31,2.12,-1.69,-0.15,2960
97113059.81,,,8.36,2024-10-11,8.79,8.27,8.73,,,93552,5.96,1.51,-4.24,-0.37,2960
90309446.88,,,8.49,2024-10-14,8.53,8.22,8.41,,,87784,3.71,1.42,1.56,0.13,2960
83463035.88,,,8.21,2024-10-15,8.53,8.19,8.43,,,81500,4.0,1.31,-3.3,-0.28,2960
85497333.17,,,8.16,2024-10-16,8.33,8.08,8.13,,,85374,3.05,1.38,-0.61,-0.05,2960
74380768.67,,,8.1,2024-10-17,8.33,8.08,8.2,,,74171,3.06,1.2,-0.74,-0.06,2960
128117960.76,,,8.39,2024-10-18,8.62,8.06,8.1,,,125966,6.91,2.03,3.58,0.29,2960
109339424.7,,,8.3,2024-10-21,8.53,8.29,8.4,,,106492,2.86,1.72,-1.07,-0.09,2960
97101448.81,,,8.5,2024-10-22,8.53,8.21,8.32,,,94608,3.86,1.53,2.41,0.2,2960
109053438.01,,,8.58,2024-10-23,8.7,8.42,8.51,,,104125,3.29,1.68,0.94,0.08,2960
66145904.55,,,8.46,2024-10-24,8.54,8.38,8.48,,,64037,1.86,1.03,-1.4,-0.12,2960
100223299.87,,,8.71,2024-10-25,8.73,8.38,8.42,,,94969,4.14,1.53,2.96,0.25,2960
86037589.67,,,8.81,2024-10-28,8.83,8.59,8.67,,,80802,2.76,1.3,1.15,0.1,2960
100241550.64,,,8.5,2024-10-29,8.87,8.48,8.81,,,94768,4.43,1.53,-3.52,-0.31,2960
78059450.64,,,8.41,2024-10-30,8.61,8.32,8.48,,,75568,3.41,1.22,-1.06,-0.09,2960
88695492.48,,,8.59,2024-10-31,8.63,8.37,8.47,,,85084,3.09,1.37,2.14,0.18,2960
109995863.25,,,8.42,2024-11-01,8.69,8.39,8.57,,,105284,3.49,1.7,-1.98,-0.17,2960
134038662.6,,,8.85,2024-11-04,8.93,8.43,8.48,,,125006,5.94,2.02,5.11,0.43,2960
150472747.65,,,9.05,2024-11-05,9.14,8.73,8.89,,,137179,4.63,2.21,2.26,0.2,2960
128106938.73,,,9.0,2024-11-06,9.18,8.92,9.03,,,115922,2.87,1.87,-0.55,-0.05,2960
156504235.69,,,9.38,2024-11-07,9.45,8.93,8.99,,,138895,5.78,2.24,4.22,0.38,2960
193430375.2,,,9.53,2024-11-08,9.67,9.26,9.43,,,167725,4.37,2.71,1.6,0.15,2960
148090943.33,,,9.66,2024-11-11,9.83,9.39,9.4,,,125670,4.62,2.03,1.36,0.13,2960
119998220.45,,,9.5,2024-11-12,9.75,9.38,9.68,,,102432,3.83,1.65,-1.66,-0.16,2960
83599568.75,,,9.38,2024-11-13,9.52,9.24,9.46,,,73205,2.95,1.18,-1.26,-0.12,2960
77874300.0,,,9.12,2024-11-14,9.47,9.08,9.38,,,68817,4.16,1.11,-2.77,-0.26,2960
77238612.38,,,9.03,2024-11-15,9.27,9.01,9.13,,,69187,2.85,1.12,-0.99,-0.09,2960
66766455.18,,,8.97,2024-11-18,9.15,8.9,9.08,,,60524,2.77,0.98,-0.66,-0.06,2960
76004202.31,,,9.25,2024-11-19,9.26,8.97,8.99,,,68113,3.23,1.1,3.12,0.28,2960
81696033.32,,,9.3,2024-11-20,9.33,9.18,9.23,,,72147,1.62,1.16,0.54,0.05,2960
69410469.76,,,9.23,2024-11-21,9.31,9.12,9.28,,,61697,2.04,1.0,-0.75,-0.07,2960
78768890.23,,,8.93,2024-11-22,9.29,8.91,9.22,,,70500,4.12,1.14,-3.25,-0.3,2960
92815619.63,,,8.88,2024-11-25,8.97,8.73,8.92,,,85802,2.69,1.38,-0.56,-0.05,2960
76770958.58,,,8.7,2024-11-26,8.89,8.68,8.83,,,71445,2.36,1.15,-2.03,-0.18,2960
77081548.81,,,8.91,2024-11-27,8.93,8.53,8.66,,,72296,4.6,1.17,2.41,0.21,2960
64800828.88,,,8.86,2024-11-28,8.98,8.83,8.9,,,59513,1.68,0.96,-0.56,-0.05,2960
75255477.58,,,9.08,2024-11-29,9.13,8.79,8.88,,,68406,3.84,1.1,2.48,0.22,2960
81612485.02,,,9.33,2024-12-02,9.41,9.05,9.08,,,72096,3.96,1.16,2.75,0.25,2960
116203980.95,,,9.44,2024-12-03,9.53,9.3,9.32,,,100876,2.47,1.63,1.18,0.11,2960
77413832.32,,,9.33,2024-12-04,9.45,9.19,9.43,,,68244,2.75,1.1,-1.17,-0.11,2960
49773021.67,,,9.38,2024-12-05,9.46,9.17,9.25,,,43488,3.11,0.7,0.54,0.05,2960
65864953.13,,,9.43,2024-12-06,9.52,9.25,9.51,,,57511,2.88,0.93,0.53,0.05,2960
65404718.16,,,9.41,2024-12-09,9.57,9.3,9.42,,,56789,2.86,0.92,-0.21,-0.02,2960
247816975.98,,,9.93,2024-12-10,10.15,9.54,9.65,,,207106,6.48,3.34,5.53,0.52,2960
178797928.94,,,9.97,2024-12-11,10.14,9.74,9.9,,,147043,4.03,2.37,0.4,0.04,2960
151119717.74,,,9.99,2024-12-12,10.47,9.9,10.28,,,123084,5.72,1.99,0.2,0.02,2960
125136841.79,,,9.62,2024-12-13,9.97,9.61,9.93,,,105313,3.6,1.7,-3.7,-0.37,2960
549720862.43,,,10.3,2024-12-16,10.59,9.56,9.64,,,437200,10.71,7.05,7.07,0.68,2960
333264947.57,,,9.58,2024-12-17,10.03,9.54,9.98,,,280068,4.76,4.52,-6.99,-0.72,2960
124671729.1,,,9.63,2024-12-18,9.75,9.49,9.58,,,106038,2.71,1.71,0.52,0.05,2960
90556091.04,,,9.58,2024-12-19,9.62,9.38,9.52,,,78019,2.49,1.26,-0.52,-0.05,2960
91702251.85,,,9.67,2024-12-20,9.75,9.53,9.58,,,77855,2.3,1.26,0.94,0.09,2960
108818182.0,,,9.28,2024-12-23,9.7,9.26,9.68,,,94517,4.55,1.52,-4.03,-0.39,2960
200146661.04,,,9.79,2024-12-24,9.95,9.28,9.28,,,169075,7.22,2.73,5.5,0.51,2960
89248779.58,,,9.63,2024-12-25,9.8,9.51,9.76,,,75934,2.96,1.22,-1.63,-0.16,2960
158428464.6,,,9.98,2024-12-26,10.08,9.61,9.64,,,131020,4.88,2.11,3.63,0.35,2960
94731477.9,,,9.92,2024-12-27,10.04,9.85,9.94,,,78069,1.9,1.26,-0.6,-0.06,2960
108581155.32,,,9.95,2024-12-30,10.05,9.76,9.93,,,89606,2.92,1.45,0.3,0.03,2960
104201420.38,,,9.56,2024-12-31,10.03,9.54,9.96,,,87777,4.92,1.42,-3.92,-0.39,2960
103023658.07,,,9.19,2025-01-02,9.63,9.07,9.6,,,90045,5.86,1.45,-3.87,-0.37,2960
129365329.18,,,8.72,2025-01-03,9.23,8.67,9.2,,,118144,6.09,1.91,-5.11,-0.47,2960
89789087.95,,,8.78,2025-01-06,8.95,8.59,8.73,,,83737,4.13,1.35,0.69,0.06,2960
57279060.4,,,8.83,2025-01-07,8.87,8.68,8.81,,,53342,2.16,0.86,0.57,0.05,2960
139818158.53,,,8.5,2025-01-08,8.83,8.28,8.81,,,134647,6.23,2.17,-3.74,-0.33,2960
145056792.63,,,8.78,2025-01-09,8.98,8.34,8.42,,,136419,7.53,2.2,3.29,0.28,2960
140014282.67,,,8.6,2025-01-10,9.37,8.59,8.98,,,128634,8.88,2.08,-2.05,-0.18,2960
180074447.34,,,8.83,2025-01-13,9.3,8.68,8.91,,,164434,7.21,2.65,2.67,0.23,2960
352921582.3,,,9.73,2025-01-14,9.73,8.83,8.83,,,305641,10.19,5.0,10.19,0.9,2960
282107837.42,,,9.59,2025-01-15,9.92,9.48,9.87,,,238122,4.52,3.9,-1.44,-0.14,2960
190534295.37,,,9.72,2025-01-16,10.01,9.52,9.63,,,160138,5.11,2.62,1.36,0.13,2960
113708921.69,,,9.71,2025-01-17,9.82,9.63,9.64,,,95875,1.95,1.57,-0.1,-0.01,2960
113059738.76,,,9.65,2025-01-20,9.82,9.61,9.77,,,95519,2.16,1.56,-0.62,-0.06,2960
121422477.77,,,9.43,2025-01-21,9.7,9.38,9.67,,,105040,3.32,1.72,-2.28,-0.22,2960
98949894.35,,,9.29,2025-01-22,9.47,9.27,9.39,,,86863,2.12,1.42,-1.48,-0.14,2960
119399236.66,,,9.38,2025-01-23,9.64,9.33,9.4,,,103423,3.34,1.69,0.97,0.09,2960
112625367.4,,,9.61,2025-01-24,9.67,9.32,9.33,,,96568,3.73,1.58,2.45,0.23,2960
89447430.16,,,9.37,2025-01-27,9.68,9.33,9.63,,,77545,3.64,1.27,-2.5,-0.24,2960
90954543.28,,,9.21,2025-02-05,9.43,9.15,9.4,,,80465,2.99,1.32,-1.71,-0.16,2960
128804695.26,,,9.59,2025-02-06,9.6,9.08,9.17,,,111715,5.65,1.83,4.13,0.38,2960
129111043.94,,,9.58,2025-02-07,9.68,9.46,9.54,,,110398,2.29,1.81,-0.1,-0.01,2960
91591040.22,,,9.58,2025-02-10,9.61,9.43,9.57,,,78680,1.88,1.29,0.0,0.0,2960
131157524.44,,,9.64,2025-02-11,9.74,9.42,9.56,,,112425,3.34,1.84,0.63,0.06,2960
263851622.96,,,9.97,2025-02-12,10.22,9.73,9.73,,,216604,5.08,3.55,3.42,0.33,2960
250106186.9,,,9.42,2025-02-13,9.75,9.42,9.75,,,214784,3.31,3.52,-5.52,-0.55,2960
165369298.72,,,9.64,2025-02-14,9.69,9.42,9.48,,,141175,2.87,2.31,2.34,0.22,2960
123122662.51,,,9.66,2025-02-17,9.75,9.58,9.6,,,104415,1.76,1.71,0.21,0.02,2960
274105920.67,,,9.71,2025-02-18,9.97,9.6,9.63,,,228880,3.83,3.75,0.52,0.05,2960
331491152.35,,,10.2,2025-02-19,10.38,9.52,9.56,,,270427,8.86,4.43,5.05,0.49,2960
228135250.57,,,10.22,2025-02-20,10.29,9.96,10.2,,,184890,3.24,3.03,0.2,0.02,2960
390571363.2,,,10.58,2025-02-21,10.67,10.27,10.27,,,304930,3.91,4.99,3.52,0.36,2960
210343800.06,,,10.33,2025-02-24,10.58,10.28,10.58,,,166413,2.84,2.72,-2.36,-0.25,2960
161837572.71,,,10.23,2025-02-25,10.41,10.15,10.21,,,129306,2.52,2.12,-0.97,-0.1,2960
185680275.28,,,10.39,2025-02-26,10.53,10.2,10.24,,,146577,3.23,2.4,1.56,0.16,2960
162212456.82,,,10.18,2025-02-27,10.39,9.99,10.37,,,130923,3.85,2.14,-2.02,-0.21,2960
142657773.44,,,9.85,2025-02-28,10.17,9.8,10.11,,,117777,3.63,1.93,-3.24,-0.33,2960
102793042.6,,,9.89,2025-03-03,10.13,9.85,9.85,,,84454,2.84,1.38,0.41,0.04,2960
661993403.67,,,10.9,2025-03-04,10.9,9.82,9.84,,,504069,10.92,8.25,10.21,1.01,2960
1130847062.59,,,10.99,2025-03-05,12.01,10.97,11.37,,,809124,9.54,13.24,0.83,0.09,2960
841908057.81,,,11.18,2025-03-06,11.45,10.85,11.03,,,621279,5.46,10.17,1.73,0.19,2960
460700041.54,,,10.88,2025-03-07,11.24,10.78,11.13,,,344554,4.11,5.64,-2.68,-0.3,2960
498536573.67,,,11.16,2025-03-10,11.35,10.82,10.93,,,368848,4.87,6.04,2.57,0.28,2960
292747090.83,,,11.09,2025-03-11,11.14,10.83,10.87,,,218700,2.78,3.58,-0.63,-0.07,2960
382560117.33,,,11.21,2025-03-12,11.23,10.83,11.0,,,284468,3.61,4.66,1.08,0.12,2960
307440149.12,,,10.77,2025-03-13,11.1,10.58,11.08,,,233257,4.64,3.82,-3.93,-0.44,2960
225143279.24,,,10.96,2025-03-14,11.01,10.64,10.68,,,170443,3.44,2.79,1.76,0.19,2960
206902069.33,,,10.96,2025-03-17,11.17,10.79,10.95,,,155309,3.47,2.54,0.0,0.0,2960
308223694.21,,,11.14,2025-03-18,11.42,11.02,11.09,,,225772,3.65,3.7,1.64,0.18,2960
196712616.62,,,10.85,2025-03-19,11.08,10.78,11.06,,,148622,2.69,2.43,-2.6,-0.29,2960
150473865.1,,,10.85,2025-03-20,10.97,10.71,10.85,,,113865,2.4,1.86,0.0,0.0,2960
220076690.5,,,10.56,2025-03-21,11.05,10.53,10.83,,,168490,4.79,2.76,-2.67,-0.29,2960
189984667.01,,,10.24,2025-03-24,10.6,10.03,10.55,,,151975,5.4,2.48,-3.03,-0.32,2960
108631427.87,,,10.25,2025-03-25,10.33,10.12,10.19,,,86968,2.05,1.42,0.1,0.01,2960
111480718.22,,,10.22,2025-03-26,10.39,10.18,10.23,,,88925,2.05,1.45,-0.29,-0.03,2960
118879623.3,,,10.08,2025-03-27,10.22,9.98,10.18,,,96643,2.35,1.58,-1.37,-0.14,2960
106046107.77,,,10.04,2025-03-28,10.17,10.0,10.0,,,86241,1.69,1.39,-0.4,-0.04,2960
126455334.08,,,9.81,2025-03-31,9.98,9.71,9.98,,,105449,2.69,1.7,-2.29,-0.23,2960
87514790.1,,,9.9,2025-04-01,9.96,9.81,9.84,,,72491,1.53,1.17,0.92,0.09,2960
94644974.74,,,10.02,2025-04-02,10.13,9.88,9.9,,,77377,2.53,1.25,1.21,0.12,2960
92328589.95,,,9.78,2025-04-03,9.98,9.73,9.85,,,76884,2.5,1.24,-2.4,-0.24,2960
152260172.5,,,8.79,2025-04-07,9.22,8.79,9.14,,,140380,4.4,2.27,-10.12,-0.99,2960
140918064.98,,,8.69,2025-04-08,8.97,8.54,8.83,,,132389,4.89,2.14,-1.14,-0.1,2960
114074003.26,,,8.78,2025-04-09,8.83,8.15,8.48,,,109098,7.83,1.76,1.04,0.09,2960
131587154.51,,,8.81,2025-04-10,9.11,8.78,8.98,,,120358,3.76,1.95,0.34,0.03,2960
115940385.57,,,8.95,2025-04-11,9.1,8.68,8.72,,,106049,4.77,1.71,1.59,0.14,2960
108014744.44,,,9.11,2025-04-14,9.2,8.99,9.04,,,97114,2.35,1.57,1.79,0.16,2960
102927944.44,,,9.02,2025-04-15,9.1,8.86,9.1,,,93777,2.63,1.52,-0.99,-0.09,2960
82313617.37,,,8.83,2025-04-16,8.99,8.68,8.95,,,76366,3.44,1.23,-2.11,-0.19,2960
52935376.14,,,8.92,2025-04-17,8.94,8.73,8.76,,,48705,2.38,0.79,1.02,0.09,2960
47763093.61,,,8.86,2025-04-18,8.94,8.79,8.86,,,44060,1.68,0.71,-0.67,-0.06,2960
61711770.78,,,8.96,2025-04-21,8.98,8.77,8.86,,,56795,2.37,0.92,1.13,0.1,2960
56909573.6,,,8.93,2025-04-22,8.98,8.86,8.93,,,52112,1.34,0.84,-0.33,-0.03,2960
70418217.28,,,8.98,2025-04-23,9.04,8.91,8.93,,,64148,1.46,1.04,0.56,0.05,2960
64973809.71,,,8.87,2025-04-24,9.01,8.85,8.98,,,59550,1.78,0.96,-1.22,-0.11,2960
46407554.49,,,8.89,2025-04-25,8.95,8.86,8.88,,,42645,1.01,0.69,0.23,0.02,2960
50457750.45,,,8.75,2025-04-28,8.92,8.72,8.9,,,47061,2.25,0.76,-1.57,-0.14,2960
47275038.84,,,8.92,2025-04-29,8.93,8.74,8.74,,,43531,2.17,0.7,1.94,0.17,2960
103215592.59,,,9.06,2025-04-30,9.32,9.02,9.24,,,92517,3.36,1.5,1.57,0.14,2960
82073892.75,,,9.26,2025-05-06,9.28,9.09,9.13,,,72993,2.1,1.18,2.21,0.2,2960
87516334.05,,,9.24,2025-05-07,9.41,9.17,9.37,,,77393,2.59,1.25,-0.22,-0.02,2960
81729890.9,,,9.33,2025-05-08,9.39,9.17,9.18,,,71746,2.38,1.16,0.97,0.09,2960
58425827.24,,,9.25,2025-05-09,9.37,9.17,9.34,,,51751,2.14,0.84,-0.86,-0.08,2960
64404753.44,,,9.33,2025-05-12,9.37,9.27,9.33,,,56626,1.08,0.92,0.86,0.08,2960
71316446.68,,,9.25,2025-05-13,9.44,9.23,9.41,,,62787,2.25,1.02,-0.86,-0.08,2960
110750875.29,,,9.31,2025-05-14,9.52,9.23,9.24,,,97012,3.14,1.57,0.65,0.06,2960
63684514.94,,,9.16,2025-05-15,9.28,9.14,9.27,,,56637,1.5,0.92,-1.61,-0.15,2960
63278504.5,,,9.18,2025-05-16,9.28,9.12,9.15,,,56190,1.75,0.91,0.22,0.02,2960
73092481.04,,,9.1,2025-05-19,9.19,9.07,9.18,,,65734,1.31,1.06,-0.87,-0.08,2960
74669938.17,,,9.1,2025-05-20,9.15,9.0,9.11,,,67197,1.65,1.09,0.0,0.0,2960
57584395.76,,,9.07,2025-05-21,9.09,9.0,9.08,,,52120,0.99,0.84,-0.33,-0.03,2960
56691489.88,,,8.97,2025-05-22,9.12,8.95,9.02,,,51477,1.87,0.83,-1.1,-0.1,2960
50952307.19,,,8.93,2025-05-23,9.08,8.92,8.96,,,46397,1.78,0.75,-0.45,-0.04,2960
43074957.57,,,9.03,2025-05-26,9.05,8.88,8.93,,,39214,1.9,0.63,1.12,0.1,2960
48636402.96,,,9.06,2025-05-27,9.08,8.92,9.0,,,44281,1.77,0.72,0.33,0.03,2960
206808351.5,,,9.29,2025-05-28,9.52,9.18,9.25,,,181615,3.75,2.94,2.54,0.23,2960
130173232.8,,,9.33,2025-05-29,9.41,9.13,9.17,,,114560,3.01,1.85,0.43,0.04,2960
115656888.96,,,9.33,2025-05-30,9.49,9.28,9.31,,,101151,2.25,1.64,0.0,0.0,2960
115775155.37,,,9.42,2025-06-03,9.5,9.22,9.27,,,100901,3.0,1.63,0.96,0.09,2960
86841953.22,,,9.38,2025-06-04,9.45,9.33,9.43,,,75915,1.27,1.23,-0.42,-0.04,2960
62401498.63,,,9.37,2025-06-05,9.38,9.28,9.34,,,54692,1.07,0.88,-0.11,-0.01,2960
192187644.67,,,9.68,2025-06-06,9.71,9.29,9.33,,,164781,4.48,2.67,3.31,0.31,2960
135954384.36,,,9.63,2025-06-09,9.68,9.53,9.6,,,141696,1.55,1.91,-0.52,-0.05,2960
107902362.88,,,9.53,2025-06-10,9.68,9.41,9.61,,,113093,2.8,1.52,-1.04,-0.1,2960
80555016.28,,,9.54,2025-06-11,9.59,9.48,9.51,,,84521,1.15,1.14,0.1,0.01,2960
46070977.78,,,9.49,2025-06-12,9.53,9.45,9.47,,,48535,0.84,0.65,-0.52,-0.05,2960
83356312.22,,,9.44,2025-06-13,9.53,9.33,9.45,,,88532,2.11,1.19,-0.53,-0.05,2960
183524865.21,,,9.86,2025-06-16,9.89,9.36,9.39,,,189279,5.61,2.55,4.45,0.42,2960
118240527.93,,,9.85,2025-06-17,9.96,9.71,9.86,,,120436,2.54,1.62,-0.1,-0.01,2960
84312400.37,,,9.73,2025-06-18,9.81,9.63,9.8,,,86834,1.83,1.17,-1.22,-0.12,2960
65108975.53,,,9.54,2025-06-19,9.79,9.52,9.77,,,67639,2.77,0.91,-1.95,-0.19,2960
50654719.61,,,9.5,2025-06-20,9.63,9.47,9.51,,,53105,1.68,0.72,-0.42,-0.04,2960
54456275.26,,,9.59,2025-06-23,9.6,9.43,9.44,,,57125,1.79,0.77,0.95,0.09,2960
63132982.23,,,9.72,2025-06-24,9.76,9.61,9.61,,,65067,1.56,0.88,1.36,0.13,2960
65245234.56,,,9.76,2025-06-25,9.77,9.66,9.72,,,67119,1.13,0.9,0.41,0.04,2960
70349597.56,,,9.71,2025-06-26,9.8,9.68,9.76,,,72215,1.23,0.97,-0.51,-0.05,2960
76325603.24,,,9.76,2025-06-27,9.85,9.71,9.74,,,78005,1.44,1.05,0.51,0.05,2960
63439760.83,,,9.77,2025-06-30,9.83,9.73,9.79,,,64904,1.02,0.88,0.1,0.01,2960
54280014.05,,,9.73,2025-07-01,9.8,9.67,9.75,,,55769,1.33,0.75,-0.41,-0.04,2960
59408576.74,,,9.69,2025-07-02,9.74,9.6,9.68,,,61594,1.44,0.83,-0.41,-0.04,2960
50145180.51,,,9.77,2025-07-03,9.79,9.68,9.68,,,51498,1.14,0.69,0.83,0.08,2960
47764159.73,,,9.66,2025-07-04,9.77,9.63,9.75,,,49308,1.43,0.66,-1.13,-0.11,2960
36803677.88,,,9.65,2025-07-07,9.68,9.61,9.64,,,38135,0.72,0.51,-0.1,-0.01,2960
187491287.6,,,9.94,2025-07-08,10.07,9.62,9.64,,,188847,4.66,2.55,3.01,0.29,2960
92421870.51,,,9.91,2025-07-09,10.04,9.89,9.97,,,92680,1.51,1.25,-0.3,-0.03,2960
63320462.24,,,9.96,2025-07-10,10.0,9.85,9.88,,,63806,1.51,0.86,0.5,0.05,2960
71035121.1,,,9.96,2025-07-11,9.99,9.9,9.96,,,71384,0.9,0.96,0.0,0.0,2960
101521010.8,,,10.11,2025-07-14,10.16,9.93,9.94,,,100666,2.31,1.36,1.51,0.15,2960
92915311.68,,,9.99,2025-07-15,10.13,9.93,10.08,,,92824,1.98,1.25,-1.19,-0.12,2960
72866029.94,,,10.1,2025-07-16,10.12,9.96,10.0,,,72635,1.6,0.98,1.1,0.11,2960
62711311.37,,,10.01,2025-07-17,10.11,9.99,10.06,,,62491,1.19,0.84,-0.89,-0.09,2960
49534351.0,,,10.03,2025-07-18,10.05,9.99,10.0,,,49452,0.6,0.67,0.2,0.02,2960
119633514.76,,,10.31,2025-07-21,10.32,10.03,10.05,,,117198,2.89,1.58,2.79,0.28,2960
78641186.84,,,10.34,2025-07-22,10.42,10.25,10.29,,,76166,1.65,1.03,0.29,0.03,2960
95085824.33,,,10.28,2025-07-23,10.51,10.28,10.31,,,91737,2.22,1.24,-0.58,-0.06,2960
58898479.38,,,10.36,2025-07-24,10.38,10.3,10.31,,,56941,0.78,0.77,0.78,0.08,2960
172022072.25,,,10.59,2025-07-25,10.76,10.32,10.37,,,162222,4.25,2.19,2.22,0.23,2960
77339060.48,,,10.54,2025-07-28,10.72,10.53,10.57,,,72952,1.79,0.98,-0.47,-0.05,2960
74954518.37,,,10.56,2025-07-29,10.57,10.37,10.51,,,71653,1.9,0.97,0.19,0.02,2960
102328155.49,,,10.62,2025-07-30,10.74,10.46,10.57,,,96510,2.65,1.3,0.57,0.06,2960
85044971.18,,,10.43,2025-07-31,10.67,10.4,10.59,,,80910,2.54,1.09,-1.79,-0.19,2960
64298069.59,,,10.41,2025-08-01,10.5,10.35,10.39,,,61742,1.44,0.83,-0.19,-0.02,2960
45595988.6,,,10.54,2025-08-04,10.54,10.3,10.35,,,43622,2.31,0.59,1.25,0.13,2960
49411929.23,,,10.59,2025-08-05,10.59,10.51,10.55,,,46822,0.76,0.63,0.47,0.05,2960
46696561.24,,,10.58,2025-08-06,10.6,10.53,10.58,,,44190,0.66,0.6,-0.09,-0.01,2960
67032631.89,,,10.47,2025-08-07,10.59,10.38,10.58,,,64064,1.98,0.86,-1.04,-0.11,2960
44306074.53,,,10.45,2025-08-08,10.49,10.37,10.45,,,42474,1.15,0.57,-0.19,-0.02,2960
61998280.45,,,10.52,2025-08-11,10.6,10.45,10.48,,,58909,1.44,0.79,0.67,0.07,2960
43131507.21,,,10.49,2025-08-12,10.55,10.46,10.55,,,41081,0.86,0.55,-0.29,-0.03,2960
64028564.65,,,10.46,2025-08-13,10.53,10.42,10.49,,,61133,1.05,0.82,-0.29,-0.03,2960
85574191.72,,,10.23,2025-08-14,10.49,10.22,10.47,,,82849,2.58,1.12,-2.2,-0.23,2960
96583499.82,,,10.52,2025-08-15,10.55,10.19,10.23,,,92373,3.52,1.25,2.83,0.29,2960
93019016.17,,,10.44,2025-08-18,10.59,10.41,10.55,,,88577,1.71,1.19,-0.76,-0.08,2960
81689099.58,,,10.43,2025-08-19,10.55,10.35,10.44,,,78267,1.92,1.06,-0.1,-0.01,2960
89846698.96,,,10.59,2025-08-20,10.59,10.32,10.45,,,85639,2.59,1.15,1.53,0.16,2960
114710225.28,,,10.59,2025-08-21,10.75,10.48,10.59,,,108396,2.55,1.46,0.0,0.0,2960
86360164.0,,,10.68,2025-08-22,10.7,10.51,10.6,,,81270,1.79,1.1,0.85,0.09,2960
130894766.12,,,10.78,2025-08-25,10.82,10.64,10.67,,,122121,1.69,1.65,0.94,0.1,2960
124362432.04,,,10.79,2025-08-26,10.97,10.59,10.69,,,115126,3.53,1.55,0.09,0.01,2960
117808974.05,,,10.43,2025-08-27,10.84,10.43,10.81,,,110287,3.8,1.49,-3.34,-0.36,2960
134082029.26,,,10.49,2025-08-28,10.71,10.13,10.5,,,129054,5.56,1.74,0.58,0.06,2960
348060928.09,,,10.87,2025-08-29,11.4,10.38,10.51,,,318296,9.72,4.29,3.62,0.38,2960
215709724.53,,,11.1,2025-09-01,11.31,10.79,10.91,,,194293,4.78,2.62,2.12,0.23,2960
160710137.28,,,10.87,2025-09-02,11.19,10.73,11.12,,,147981,4.14,2.0,-2.07,-0.23,2960
182462894.08,,,10.97,2025-09-03,11.16,10.78,10.88,,,166079,3.5,2.24,0.92,0.1,2960
265169662.41,,,11.15,2025-09-04,11.25,10.93,10.99,,,238656,2.92,3.22,1.64,0.18,2960
319166832.12,,,11.57,2025-09-05,11.83,11.05,11.11,,,278128,7.0,3.75,3.77,0.42,2960
256209896.83,,,11.49,2025-09-08,11.77,11.39,11.55,,,222404,3.28,3.0,-0.69,-0.08,2960
243235108.45,,,11.39,2025-09-09,11.74,11.23,11.49,,,212598,4.44,2.87,-0.87,-0.1,2960
242059921.38,,,11.06,2025-09-10,11.39,10.92,11.31,,,217990,4.13,2.94,-2.9,-0.33,2960
165513490.45,,,11.24,2025-09-11,11.38,10.89,11.01,,,148281,4.43,2.0,1.63,0.18,2960
197684821.66,,,11.39,2025-09-12,11.77,11.23,11.26,,,172200,4.8,2.32,1.33,0.15,2960
317191870.68,,,11.91,2025-09-15,11.99,11.4,11.44,,,269789,5.18,3.64,4.57,0.52,2960
433763507.41,,,12.35,2025-09-16,12.59,11.81,11.89,,,352651,6.55,4.75,3.69,0.44,2960
708451115.57,,,12.9,2025-09-17,13.59,12.37,12.5,,,541520,9.88,7.3,4.45,0.55,2960
811294230.14,,,12.96,2025-09-18,14.19,12.77,13.65,,,604742,11.01,8.15,0.47,0.06,2960
388182534.97,,,12.27,2025-09-19,12.9,12.18,12.83,,,312655,5.56,4.22,-5.32,-0.69,2960
410941418.82,,,12.95,2025-09-22,13.05,12.27,12.29,,,320724,6.36,4.32,5.54,0.68,2960
327925931.62,,,13.02,2025-09-23,13.23,12.72,12.9,,,253749,3.94,3.42,0.54,0.07,2960
184301513.4,,,13.02,2025-09-24,13.1,12.8,12.92,,,142346,2.3,1.91,0.0,0.0,2960
345735676.98,,,13.37,2025-09-25,13.44,12.95,12.99,,,260977,3.76,3.49,2.69,0.35,2960
222959953.76,,,12.76,2025-09-26,13.33,12.72,13.25,,,172925,4.56,2.31,-4.56,-0.61,2960
207129543.1,,,12.97,2025-09-29,13.05,12.5,12.73,,,160626,4.31,2.15,1.65,0.21,2960
164384043.33,,,12.69,2025-09-30,12.97,12.67,12.95,,,128874,2.31,1.72,-2.16,-0.28,2960
254176185.33,,,12.76,2025-10-09,13.25,12.75,12.81,,,196810,3.94,2.63,0.55,0.07,2960
175349060.97,,,12.91,2025-10-10,12.91,12.5,12.77,,,138269,3.21,1.85,1.18,0.15,2960
181410494.66,,,12.52,2025-10-13,12.64,12.25,12.5,,,146068,3.02,1.95,-3.02,-0.39,2960
197381690.24,,,12.02,2025-10-14,12.73,11.98,12.57,,,160315,5.99,2.14,-3.99,-0.5,2960
137508077.03,,,12.41,2025-10-15,12.45,11.95,12.08,,,112562,4.16,1.51,3.24,0.39,2960
155543077.76,,,12.51,2025-10-16,12.7,12.3,12.36,,,123997,3.22,1.66,0.81,0.1,2960
133387160.21,,,12.14,2025-10-17,12.58,12.09,12.45,,,108487,3.92,1.45,-2.96,-0.37,2960
129869080.15,,,12.35,2025-10-20,12.64,12.24,12.32,,,104433,3.29,1.4,1.73,0.21,2960
133526133.0,,,12.56,2025-10-21,12.73,12.38,12.45,,,105795,2.83,1.41,1.7,0.21,2960
87521812.91,,,12.36,2025-10-22,12.55,12.28,12.55,,,70795,2.15,0.95,-1.59,-0.2,2960
80858915.87,,,12.43,2025-10-23,12.67,12.26,12.32,,,64990,3.32,0.87,0.57,0.07,2960
139756469.67,,,12.65,2025-10-24,12.73,12.37,12.56,,,111398,2.9,1.49,1.77,0.22,2960
427266841.2,,,11.64,2025-10-27,12.67,11.56,12.63,,,357456,8.77,4.78,-7.98,-1.01,2960
135826568.61,,,11.58,2025-10-28,11.71,11.52,11.65,,,116856,1.63,1.56,-0.52,-0.06,2960
149825747.65,,,11.6,2025-10-29,11.82,11.55,11.57,,,128803,2.33,1.72,0.17,0.02,2960
205540915.65,,,11.35,2025-10-30,11.86,11.31,11.61,,,179266,4.74,2.4,-2.16,-0.25,2960
150269913.31,,,11.2,2025-10-31,11.39,11.17,11.35,,,133577,1.94,1.79,-1.32,-0.15,2960
149466963.68,,,11.15,2025-11-03,11.25,10.97,11.21,,,134920,2.5,1.8,-0.45,-0.05,2960
137184523.14,,,10.83,2025-11-04,11.15,10.8,11.13,,,125576,3.14,1.68,-2.87,-0.32,2960
88116559.96,,,10.89,2025-11-05,10.95,10.73,10.77,,,81032,2.03,1.08,0.55,0.06,2960
69552797.43,,,10.94,2025-11-06,10.99,10.88,10.92,,,63592,1.01,0.85,0.46,0.05,2960
74131298.21,,,10.83,2025-11-07,10.91,10.8,10.9,,,68351,1.01,0.91,-1.01,-0.11,2960
104599918.22,,,10.91,2025-11-10,10.98,10.84,10.88,,,95934,1.29,1.28,0.74,0.08,2960
77044210.85,,,10.92,2025-11-11,11.05,10.88,10.92,,,70359,1.56,0.94,0.09,0.01,2960
155931739.31,,,10.99,2025-11-12,11.15,10.86,10.9,,,141678,2.66,1.89,0.64,0.07,2960
120257806.06,,,10.91,2025-11-13,10.99,10.8,10.97,,,110628,1.73,1.48,-0.73,-0.08,2960
122134838.91,,,10.86,2025-11-14,11.05,10.79,10.83,,,111779,2.38,1.49,-0.46,-0.05,2960
125322554.94,,,10.63,2025-11-17,10.88,10.58,10.87,,,117700,2.76,1.57,-2.12,-0.23,2960
71383206.91,,,10.56,2025-11-18,10.64,10.5,10.58,,,67696,1.32,0.91,-0.66,-0.07,2960
70830138.18,,,10.45,2025-11-19,10.6,10.41,10.56,,,67653,1.8,0.9,-1.04,-0.11,2960
73397967.96,,,10.35,2025-11-20,10.51,10.34,10.49,,,70576,1.63,0.94,-0.96,-0.1,2960
93962732.28,,,10.07,2025-11-21,10.4,10.06,10.4,,,92310,3.29,1.23,-2.71,-0.28,2960
80045158.26,,,10.21,2025-11-24,10.25,10.04,10.15,,,78792,2.09,1.05,1.39,0.14,2960
81248161.18,,,10.14,2025-11-25,10.34,10.12,10.26,,,79379,2.15,1.06,-0.69,-0.07,2960
64798005.04,,,10.17,2025-11-26,10.23,10.09,10.14,,,63697,1.38,0.85,0.3,0.03,2960
199752354.3,,,11.19,2025-11-27,11.19,11.19,11.19,,,178510,0.0,2.39,10.03,1.02,2960
1059391991.65,,,11.55,2025-11-28,11.7,11.03,11.19,,,935291,5.99,12.51,3.22,0.36,2960
861391224.97,,,11.8,2025-12-01,12.49,11.4,11.53,,,732249,9.44,9.79,2.16,0.25,2960
484876516.45,,,11.28,2025-12-02,11.54,11.21,11.51,,,429264,2.8,5.74,-4.41,-0.52,2960
368843850.86,,,10.95,2025-12-03,11.24,10.86,11.17,,,335180,3.37,4.48,-2.93,-0.33,2960
254845678.28,,,10.61,2025-12-04,10.99,10.59,10.95,,,238206,3.65,3.19,-3.11,-0.34,2960
277865195.28,,,10.92,2025-12-05,11.0,10.54,10.61,,,256992,4.34,3.44,2.92,0.31,2960
307495068.19,,,10.72,2025-12-08,10.92,10.69,10.86,,,285339,2.11,3.82,-1.83,-0.2,2960
199437254.4,,,10.5,2025-12-09,10.81,10.48,10.74,,,188338,3.08,2.52,-2.05,-0.22,2960
304970912.16,,,10.65,2025-12-10,10.77,10.33,10.48,,,289423,4.19,3.87,1.43,0.15,2960
161052569.46,,,10.31,2025-12-11,10.63,10.3,10.6,,,154481,3.1,2.07,-3.19,-0.34,2960
144135199.56,,,10.25,2025-12-12,10.42,10.22,10.34,,,139661,1.94,1.87,-0.58,-0.06,2960
119974876.08,,,10.28,2025-12-15,10.5,10.12,10.18,,,116191,3.71,1.55,0.29,0.03,2960
122337979.04,,,10.08,2025-12-16,10.28,10.03,10.24,,,121103,2.43,1.62,-1.95,-0.2,2960
109850612.86,,,10.11,2025-12-17,10.14,9.9,10.05,,,109745,2.38,1.47,0.3,0.03,2960
84284436.68,,,10.07,2025-12-18,10.18,10.0,10.01,,,83418,1.78,1.12,-0.4,-0.04,2960
105559993.46,,,10.25,2025-12-19,10.27,10.11,10.12,,,103250,1.59,1.38,1.79,0.18,2960
111511835.44,,,10.34,2025-12-22,10.39,10.22,10.28,,,108113,1.66,1.45,0.88,0.09,2960
579620403.0,,,11.05,2025-12-23,11.32,10.53,10.54,,,526665,7.64,7.04,6.87,0.71,2960
417492662.05,,,11.41,2025-12-24,11.43,10.81,11.01,,,370614,5.61,4.96,3.26,0.36,2960
357153747.32,,,11.55,2025-12-25,11.68,11.29,11.44,,,310935,3.42,4.16,1.23,0.14,2960
275698806.38,,,11.23,2025-12-26,11.56,11.15,11.52,,,243900,3.55,3.26,-2.77,-0.32,2960
162103819.73,,,11.03,2025-12-29,11.18,10.9,11.17,,,146494,2.49,1.96,-1.78,-0.2,2960
123786124.83,,,10.98,2025-12-30,11.13,10.9,11.0,,,112463,2.09,1.5,-0.45,-0.05,2960
341722893.93,,,10.51,2025-12-31,11.35,10.46,11.22,,,321635,8.11,4.3,-4.28,-0.47,2960
275183276.79,,,11.03,2026-01-05,11.14,10.47,10.5,,,254147,6.37,3.4,4.95,0.52,2960
191025811.16,,,11.15,2026-01-06,11.34,10.99,11.04,,,170987,3.17,2.29,1.09,0.12,2960
170745378.57,2.87,0.12,11.27,2026-01-07,11.36,11.04,11.11,1.08,2.04,152218,,,,,2960
46655858.96,1.51,-0.05,11.22,2026-01-08,11.32,11.15,11.2,-0.44,0.55,41484,,,,,2960
150199287.6,,,11.34,2026-01-09,11.45,11.19,11.22,,,132497,2.31,1.77,0.71,0.08,2960
171488444.26,,,11.34,2026-01-12,11.39,11.18,11.37,,,151930,1.85,2.03,0.0,0.0,2960
206007614.74,,,11.16,2026-01-13,11.51,11.12,11.34,,,182821,3.44,2.45,-1.59,-0.18,2960
211804765.88,,,11.19,2026-01-14,11.43,11.07,11.19,,,188136,3.23,2.52,0.27,0.03,2960
134385957.7,,,11.07,2026-01-15,11.21,11.01,11.14,,,121133,1.79,1.62,-1.07,-0.12,2960
154108858.64,,,11.25,2026-01-16,11.36,11.03,11.11,,,137933,2.98,1.84,1.63,0.18,002960
