amount,amplitude,change,close,date,high,low,open,pct_change,turnover,volume,振幅,换手率,涨跌幅,涨跌额,股票代码
419238661.0,,,57.94,2024-01-08,59.32,57.84,58.8,,,70844,2.5,0.3,-2.03,-1.2,300124
383257071.0,,,58.93,2024-01-09,59.42,57.67,58.03,,,64290,3.02,0.28,1.71,0.99,300124
594251748.0,,,56.41,2024-01-10,59.09,56.41,58.67,,,101650,4.55,0.44,-4.28,-2.52,300124
675046734.0,,,55.82,2024-01-11,56.83,55.61,56.41,,,118365,2.16,0.51,-1.05,-0.59,300124
1171921777.0,,,54.99,2024-01-12,55.91,53.79,55.72,,,210533,3.8,0.9,-1.49,-0.83,300124
503501362.0,,,54.19,2024-01-15,54.84,53.72,54.84,,,91254,2.04,0.39,-1.45,-0.8,300124
827596644.0,,,53.88,2024-01-16,54.5,52.92,54.25,,,151951,2.92,0.65,-0.57,-0.31,300124
786668552.0,,,52.42,2024-01-17,54.14,52.32,53.84,,,145155,3.38,0.62,-2.71,-1.46,300124
1045489423.0,,,52.99,2024-01-18,53.25,51.36,52.14,,,196986,3.61,0.85,1.09,0.57,300124
663305773.0,,,52.88,2024-01-19,53.1,52.21,52.99,,,123835,1.68,0.53,-0.21,-0.11,300124
1002093271.0,,,52.6,2024-01-22,53.76,52.31,53.15,,,184975,2.74,0.79,-0.53,-0.28,300124
823685533.0,,,53.62,2024-01-23,54.06,51.76,52.19,,,152368,4.37,0.65,1.94,1.02,300124
767851766.0,,,54.64,2024-01-24,54.82,53.06,53.49,,,140036,3.28,0.6,1.9,1.02,300124
611544277.0,,,54.88,2024-01-25,55.68,53.87,54.45,,,109777,3.31,0.47,0.44,0.24,300124
835663916.0,,,56.01,2024-01-26,56.8,53.7,54.01,,,148977,5.65,0.64,2.06,1.13,300124
615104859.0,,,54.86,2024-01-29,56.49,54.82,55.74,,,108896,2.98,0.47,-2.05,-1.15,300124
553585959.0,,,53.58,2024-01-30,54.99,53.53,54.25,,,100661,2.66,0.43,-2.33,-1.28,300124
788441341.0,,,55.1,2024-01-31,56.02,53.15,54.14,,,142180,5.36,0.61,2.84,1.52,300124
723741766.0,,,55.64,2024-02-01,56.74,54.65,55.04,,,127949,3.79,0.55,0.98,0.54,300124
731133024.0,,,56.38,2024-02-02,57.94,55.05,55.16,,,128121,5.19,0.55,1.33,0.74,300124
1371706985.0,,,58.49,2024-02-05,59.59,55.34,56.14,,,233289,7.54,1.0,3.74,2.11,300124
1157569084.0,,,59.24,2024-02-06,59.64,57.21,57.49,,,194758,4.15,0.84,1.28,0.75,300124
1263868947.0,,,61.14,2024-02-07,61.69,58.34,58.74,,,206203,5.65,0.88,3.21,1.9,300124
1330444031.0,,,61.19,2024-02-08,64.12,60.85,61.14,,,209778,5.35,0.9,0.08,0.05,300124
893962829.0,,,61.51,2024-02-19,63.59,61.14,61.34,,,142656,4.0,0.61,0.52,0.32,300124
647858833.0,,,62.14,2024-02-20,62.72,60.84,61.14,,,103358,3.06,0.44,1.02,0.63,300124
1119242772.0,,,60.94,2024-02-21,62.4,59.33,61.84,,,181133,4.94,0.78,-1.93,-1.2,300124
616720445.0,,,60.75,2024-02-22,61.69,60.15,60.61,,,100066,2.53,0.43,-0.31,-0.19,300124
897936222.0,,,59.84,2024-02-23,60.92,58.79,60.26,,,148875,3.51,0.64,-1.5,-0.91,300124
1164558549.0,,,59.94,2024-02-26,62.02,59.44,61.64,,,190229,4.31,0.81,0.17,0.1,300124
985365717.0,,,61.15,2024-02-27,61.41,59.35,59.62,,,160404,3.44,0.69,2.02,1.21,300124
969300045.0,,,60.64,2024-02-28,61.57,60.63,61.42,,,156418,1.54,0.67,-0.83,-0.51,300124
932303431.0,,,62.35,2024-02-29,62.59,60.24,60.24,,,148687,3.88,0.64,2.82,1.71,300124
891089159.0,,,62.99,2024-03-01,63.22,61.97,62.35,,,140041,2.0,0.6,1.03,0.64,300124
934205911.0,,,63.99,2024-03-04,64.59,62.69,62.77,,,144540,3.02,0.62,1.59,1.0,300124
1343107520.0,,,65.89,2024-03-05,66.04,63.64,63.97,,,202697,3.75,0.87,2.97,1.9,300124
771860678.0,,,65.64,2024-03-06,66.13,65.11,65.35,,,116094,1.55,0.5,-0.38,-0.25,300124
780848696.0,,,66.01,2024-03-07,67.34,65.55,65.94,,,116280,2.73,0.5,0.56,0.37,300124
505469806.0,,,66.09,2024-03-08,66.34,65.43,65.99,,,75812,1.38,0.32,0.12,0.08,300124
974731536.0,,,65.24,2024-03-11,66.26,64.25,66.03,,,148329,3.04,0.63,-1.29,-0.85,300124
697666704.0,,,64.84,2024-03-12,65.53,64.29,65.11,,,106142,1.9,0.45,-0.61,-0.4,300124
665585404.0,,,64.47,2024-03-13,64.92,64.15,64.72,,,101920,1.19,0.44,-0.57,-0.37,300124
981053888.0,,,63.22,2024-03-14,64.94,62.77,64.63,,,152144,3.37,0.65,-1.94,-1.25,300124
788665217.0,,,63.12,2024-03-15,63.33,61.97,63.15,,,124224,2.15,0.53,-0.16,-0.1,300124
744023029.0,,,63.48,2024-03-18,63.62,62.2,63.22,,,116391,2.25,0.5,0.57,0.36,300124
754890025.0,,,62.08,2024-03-19,63.48,61.9,63.48,,,119183,2.49,0.51,-2.21,-1.4,300124
478056010.0,,,62.03,2024-03-20,62.43,61.52,61.77,,,76147,1.47,0.33,-0.08,-0.05,300124
856579500.0,,,60.43,2024-03-21,62.34,60.41,61.87,,,138539,3.11,0.59,-2.58,-1.6,300124
794262323.0,,,60.53,2024-03-22,61.12,60.14,60.44,,,129229,1.62,0.55,0.17,0.1,300124
640443032.0,,,59.84,2024-03-25,61.14,59.82,60.54,,,104693,2.18,0.45,-1.14,-0.69,300124
648802985.0,,,59.61,2024-03-26,60.22,59.16,59.86,,,107156,1.77,0.46,-0.38,-0.23,300124
575860671.0,,,58.69,2024-03-27,60.13,58.62,59.56,,,95864,2.53,0.41,-1.54,-0.92,300124
775741107.0,,,59.37,2024-03-28,59.92,57.85,59.12,,,129376,3.53,0.55,1.16,0.68,300124
860932319.0,,,60.36,2024-03-29,61.52,60.01,61.02,,,139933,2.54,0.6,1.67,0.99,300124
771890766.0,,,60.61,2024-04-01,61.56,60.27,61.54,,,125159,2.14,0.54,0.41,0.25,300124
864953599.0,,,60.24,2024-04-02,60.69,59.54,60.69,,,141821,1.9,0.61,-0.61,-0.37,300124
775724003.0,,,60.62,2024-04-03,61.13,59.79,59.83,,,126424,2.22,0.54,0.63,0.38,300124
1133950563.0,,,58.69,2024-04-08,61.54,58.52,61.54,,,187288,4.98,0.8,-3.18,-1.93,300124
977226760.0,,,57.42,2024-04-09,59.14,57.22,58.7,,,166835,3.27,0.71,-2.16,-1.27,300124
685074481.0,,,57.16,2024-04-10,57.8,56.61,57.25,,,118087,2.07,0.51,-0.45,-0.26,300124
566950444.0,,,57.79,2024-04-11,58.29,56.52,56.64,,,96926,3.1,0.41,1.1,0.63,300124
662036300.0,,,57.77,2024-04-12,59.18,57.56,57.58,,,111799,2.8,0.48,-0.03,-0.02,300124
802753092.0,,,59.34,2024-04-15,59.42,56.86,57.79,,,134854,4.43,0.58,2.72,1.57,300124
1025130940.0,,,59.96,2024-04-16,61.02,59.09,59.24,,,167338,3.25,0.72,1.04,0.62,300124
673188360.0,,,60.93,2024-04-17,61.01,59.51,59.97,,,109893,2.5,0.47,1.62,0.97,300124
599437639.0,,,60.4,2024-04-18,61.1,60.24,60.49,,,97265,1.41,0.42,-0.87,-0.53,300124
452885300.0,,,60.14,2024-04-19,60.64,59.92,60.17,,,74165,1.19,0.32,-0.43,-0.26,300124
465253759.0,,,60.42,2024-04-22,60.83,59.73,59.82,,,75828,1.83,0.32,0.47,0.28,300124
795246733.0,,,59.09,2024-04-23,60.45,58.32,60.18,,,132337,3.53,0.57,-2.2,-1.33,300124
698411723.0,,,58.32,2024-04-24,59.93,58.24,58.53,,,117352,2.86,0.5,-1.3,-0.77,300124
706791152.0,,,56.57,2024-04-25,57.74,56.42,57.65,,,122231,2.26,0.52,-3.0,-1.75,300124
743927315.0,,,58.43,2024-04-26,58.54,56.24,56.28,,,126773,4.07,0.54,3.29,1.86,300124
927301017.0,,,59.12,2024-04-29,59.63,57.74,58.3,,,155295,3.23,0.66,1.18,0.69,300124
597934112.0,,,58.64,2024-04-30,59.36,58.5,58.84,,,100078,1.45,0.43,-0.81,-0.48,300124
1726291946.0,,,62.09,2024-05-06,62.3,58.69,58.69,,,278388,6.16,1.19,5.88,3.45,300124
1084383774.0,,,62.91,2024-05-07,63.29,61.82,62.14,,,170425,2.37,0.73,1.32,0.82,300124
996184615.0,,,62.91,2024-05-08,64.34,62.77,63.02,,,154864,2.5,0.66,0.0,0.0,300124
660125947.0,,,62.82,2024-05-09,63.19,62.05,62.91,,,103729,1.81,0.44,-0.14,-0.09,300124
448303479.0,,,62.34,2024-05-10,63.52,62.14,63.02,,,70673,2.2,0.3,-0.76,-0.48,300124
718761141.0,,,60.86,2024-05-13,62.61,60.73,61.36,,,115593,3.02,0.49,-2.37,-1.48,300124
441670583.0,,,60.59,2024-05-14,61.56,60.19,60.86,,,71756,2.25,0.31,-0.44,-0.27,300124
300030632.0,,,60.15,2024-05-15,60.91,60.14,60.53,,,48968,1.27,0.21,-0.73,-0.44,300124
602104965.0,,,58.95,2024-05-16,60.33,58.84,60.0,,,100032,2.48,0.43,-2.0,-1.2,300124
544441714.0,,,60.06,2024-05-17,60.31,58.99,59.85,,,89979,2.24,0.38,1.88,1.11,300124
593171885.0,,,60.19,2024-05-20,61.01,59.94,60.14,,,96738,1.78,0.41,0.22,0.13,300124
366350847.0,,,59.29,2024-05-21,60.19,58.95,60.14,,,60902,2.06,0.26,-1.5,-0.9,300124
526695631.0,,,59.11,2024-05-22,59.47,58.69,59.14,,,87876,1.32,0.38,-0.3,-0.18,300124
348094204.0,,,59.23,2024-05-23,59.39,58.65,58.69,,,58057,1.25,0.25,0.2,0.12,300124
446754896.0,,,58.44,2024-05-24,59.24,58.06,58.85,,,75015,1.99,0.32,-1.33,-0.79,300124
281624881.0,,,58.85,2024-05-27,59.2,58.29,58.64,,,47299,1.56,0.2,0.7,0.41,300124
476470749.0,,,57.75,2024-05-28,58.95,57.64,58.85,,,80983,2.23,0.35,-1.87,-1.1,300124
385969010.0,,,57.55,2024-05-29,58.26,57.26,57.65,,,65984,1.73,0.28,-0.35,-0.2,300124
400177204.0,,,57.76,2024-05-30,58.68,57.51,57.99,,,68646,2.03,0.29,0.36,0.21,300124
425656563.0,,,57.53,2024-05-31,58.37,57.5,57.79,,,73040,1.51,0.31,-0.4,-0.23,300124
1122083892.0,,,55.47,2024-06-03,57.24,55.03,56.38,,,199637,3.84,0.85,-3.58,-2.06,300124
1095784141.0,,,55.07,2024-06-04,55.57,54.28,55.48,,,198808,2.33,0.85,-0.72,-0.4,300124
586747667.0,,,55.02,2024-06-05,56.04,54.89,55.08,,,105254,2.09,0.45,-0.09,-0.05,300124
703959550.0,,,55.12,2024-06-06,55.33,54.3,54.78,,,127443,1.87,0.55,0.18,0.1,300124
667511807.0,,,53.96,2024-06-07,55.42,53.8,54.91,,,121905,2.94,0.52,-2.1,-1.16,300124
626276271.0,,,54.36,2024-06-11,54.65,53.19,53.29,,,115232,2.71,0.49,0.74,0.4,300124
961593870.0,,,53.14,2024-06-12,54.51,52.87,54.09,,,178652,3.02,0.76,-2.24,-1.22,300124
920234046.0,,,53.84,2024-06-13,54.27,52.98,53.73,,,170130,2.43,0.73,1.32,0.7,300124
1512276533.0,,,54.85,2024-06-14,55.41,53.2,54.09,,,275350,4.1,1.18,1.88,1.01,300124
891713635.0,,,55.36,2024-06-17,55.87,54.41,54.6,,,160148,2.66,0.69,0.93,0.51,300124
630433610.0,,,55.25,2024-06-18,55.88,55.02,55.13,,,113053,1.55,0.48,-0.2,-0.11,300124
799932495.0,,,53.39,2024-06-19,55.59,53.35,55.3,,,146348,4.05,0.63,-3.37,-1.86,300124
1085534656.0,,,51.28,2024-06-20,53.51,51.1,53.07,,,208140,4.51,0.89,-3.95,-2.11,300124
556862653.0,,,51.31,2024-06-21,51.84,50.92,51.52,,,107610,1.79,0.46,0.06,0.03,300124
661342983.0,,,50.57,2024-06-24,51.74,50.44,51.74,,,129096,2.53,0.55,-1.44,-0.74,300124
622224489.0,,,51.29,2024-06-25,51.73,50.57,50.79,,,120369,2.29,0.51,1.42,0.72,300124
585765971.0,,,51.48,2024-06-26,51.67,50.27,51.14,,,113741,2.73,0.49,0.37,0.19,300124
488331653.0,,,50.89,2024-06-27,51.65,50.77,51.47,,,94758,1.71,0.42,-1.15,-0.59,300124
731292098.0,,,50.89,2024-06-28,51.96,50.29,50.29,,,141560,3.28,0.62,0.0,0.0,300124
653029140.0,,,49.49,2024-07-01,50.94,48.81,50.6,,,131102,4.19,0.58,-2.75,-1.4,300124
858952423.0,,,50.11,2024-07-02,51.07,49.24,49.59,,,169574,3.7,0.75,1.25,0.62,300124
388678499.0,,,50.37,2024-07-03,50.57,49.71,50.12,,,76786,1.72,0.34,0.52,0.26,300124
577422517.0,,,50.66,2024-07-04,51.39,50.05,50.84,,,112967,2.66,0.5,0.58,0.29,300124
512061366.0,,,50.22,2024-07-05,50.85,49.97,50.66,,,100906,1.74,0.45,-0.87,-0.44,300124
658390648.0,,,49.16,2024-07-08,50.34,48.81,50.29,,,132246,3.05,0.58,-2.11,-1.06,300124
612445106.0,,,49.88,2024-07-09,50.09,48.1,48.99,,,124037,4.05,0.55,1.46,0.72,300124
621832167.0,,,50.58,2024-07-10,50.59,49.46,49.58,,,123222,2.27,0.54,1.4,0.7,300124
697230532.0,,,51.11,2024-07-11,51.98,50.81,50.81,,,134929,2.31,0.6,1.05,0.53,300124
1048520672.0,,,48.59,2024-07-12,51.09,48.59,51.09,,,211940,4.89,0.93,-4.93,-2.52,300124
625543154.0,,,48.04,2024-07-15,48.81,47.99,48.24,,,128776,1.69,0.57,-1.13,-0.55,300124
650993566.0,,,49.08,2024-07-16,49.36,47.9,47.99,,,132243,3.04,0.58,2.16,1.04,300124
549364921.0,,,48.51,2024-07-17,48.97,48.14,48.79,,,112434,1.69,0.5,-1.16,-0.57,300124
955264204.0,,,50.02,2024-07-18,50.59,48.3,48.53,,,190324,4.72,0.84,3.11,1.51,300124
663641245.0,,,50.72,2024-07-19,50.89,49.6,49.79,,,130646,2.58,0.58,1.4,0.7,300124
566351497.0,,,50.02,2024-07-22,50.89,49.67,50.64,,,112201,2.41,0.49,-1.38,-0.7,300124
543440719.0,,,48.04,2024-07-23,49.64,48.04,49.52,,,110684,3.2,0.49,-3.96,-1.98,300124
850215043.0,,,46.47,2024-07-24,47.97,46.19,47.59,,,180556,3.71,0.8,-3.27,-1.57,300124
818431074.0,,,45.29,2024-07-25,46.45,44.88,46.41,,,178275,3.38,0.79,-2.54,-1.18,300124
701224719.0,,,45.93,2024-07-26,46.76,45.4,45.4,,,150311,3.0,0.66,1.41,0.64,300124
936065236.0,,,43.44,2024-07-29,45.32,43.0,45.11,,,212075,5.05,0.94,-5.42,-2.49,300124
690825622.0,,,44.4,2024-07-30,44.45,43.11,43.59,,,156338,3.08,0.69,2.21,0.96,300124
745879643.0,,,46.24,2024-07-31,46.46,43.74,44.05,,,161775,6.13,0.71,4.14,1.84,300124
642283844.0,,,45.19,2024-08-01,46.49,45.14,45.99,,,139349,2.92,0.61,-2.27,-1.05,300124
446583603.0,,,44.93,2024-08-02,45.92,44.67,45.08,,,97861,2.77,0.43,-0.58,-0.26,300124
500415960.0,,,44.54,2024-08-05,45.44,44.25,45.02,,,110649,2.65,0.49,-0.87,-0.39,300124
518579689.0,,,44.91,2024-08-06,45.76,44.21,44.61,,,114372,3.48,0.5,0.83,0.37,300124
370514529.0,,,45.37,2024-08-07,45.74,44.7,44.75,,,80833,2.32,0.36,1.02,0.46,300124
406584793.0,,,45.29,2024-08-08,45.82,44.85,45.18,,,88794,2.14,0.39,-0.18,-0.08,300124
416340951.0,,,44.49,2024-08-09,45.74,44.49,45.52,,,92008,2.76,0.41,-1.77,-0.8,300124
567807605.0,,,43.56,2024-08-12,44.47,43.39,44.23,,,128425,2.43,0.57,-2.09,-0.93,300124
673240053.0,,,42.52,2024-08-13,43.77,42.08,43.49,,,157055,3.88,0.69,-2.39,-1.04,300124
597426887.0,,,41.12,2024-08-14,42.52,41.05,42.47,,,143151,3.46,0.63,-3.29,-1.4,300124
677586947.0,,,42.08,2024-08-15,42.85,41.09,41.14,,,159443,4.28,0.7,2.33,0.96,300124
581534794.0,,,41.88,2024-08-16,42.01,41.16,42.01,,,138384,2.02,0.61,-0.48,-0.2,300124
389090874.0,,,41.41,2024-08-19,42.19,41.14,41.79,,,92936,2.51,0.41,-1.12,-0.47,300124
379344418.0,,,40.89,2024-08-20,41.59,40.7,41.4,,,91475,2.15,0.4,-1.26,-0.52,300124
391222453.0,,,40.39,2024-08-21,41.14,40.39,40.62,,,95264,1.83,0.42,-1.22,-0.5,300124
704283247.0,,,39.64,2024-08-22,40.54,38.76,40.26,,,176956,4.41,0.78,-1.86,-0.75,300124
355605094.0,,,39.49,2024-08-23,39.88,39.02,39.36,,,89283,2.17,0.39,-0.38,-0.15,300124
511007578.0,,,40.12,2024-08-26,40.72,39.5,39.77,,,126265,3.09,0.56,1.6,0.63,300124
703192916.0,,,41.29,2024-08-27,41.75,39.89,39.91,,,169806,4.64,0.75,2.92,1.17,300124
778552197.0,,,42.34,2024-08-28,42.56,41.07,41.29,,,183279,3.61,0.81,2.54,1.05,300124
795314356.0,,,43.46,2024-08-29,44.0,42.1,42.4,,,181639,4.49,0.8,2.65,1.12,300124
807611912.0,,,42.89,2024-08-30,43.6,42.39,43.28,,,185385,2.78,0.82,-1.31,-0.57,300124
585453151.0,,,41.63,2024-09-02,42.98,41.41,42.79,,,138442,3.66,0.61,-2.94,-1.26,300124
425277600.0,,,41.87,2024-09-03,42.27,41.11,41.63,,,100793,2.79,0.44,0.58,0.24,300124
471790803.0,,,42.1,2024-09-04,42.77,41.01,41.69,,,111107,4.2,0.49,0.55,0.23,300124
297653218.0,,,42.17,2024-09-05,42.34,41.8,41.94,,,70049,1.28,0.31,0.17,0.07,300124
223132677.0,,,41.69,2024-09-06,42.33,41.62,42.19,,,52759,1.68,0.23,-1.14,-0.48,300124
466176345.0,,,41.83,2024-09-09,42.34,41.29,41.29,,,110417,2.52,0.49,0.34,0.14,300124
660367861.0,,,43.1,2024-09-10,43.42,41.75,42.22,,,152896,3.99,0.67,3.04,1.27,300124
384862842.0,,,42.94,2024-09-11,43.21,42.49,42.89,,,88994,1.67,0.39,-0.37,-0.16,300124
436750137.0,,,43.03,2024-09-12,43.69,42.79,43.04,,,100034,2.1,0.44,0.21,0.09,300124
424757076.0,,,42.87,2024-09-13,43.38,42.49,43.05,,,98046,2.07,0.43,-0.37,-0.16,300124
418953235.0,,,43.45,2024-09-18,43.58,42.29,42.84,,,96344,3.01,0.42,1.35,0.58,300124
595094060.0,,,43.78,2024-09-19,44.19,42.8,43.49,,,134889,3.2,0.59,0.76,0.33,300124
449147103.0,,,43.65,2024-09-20,43.88,43.09,43.75,,,102280,1.8,0.45,-0.3,-0.13,300124
394373129.0,,,43.04,2024-09-23,43.88,42.87,43.74,,,90382,2.31,0.4,-1.4,-0.61,300124
1244980380.0,,,46.6,2024-09-24,46.85,43.04,43.24,,,272624,8.85,1.2,8.27,3.56,300124
1096443348.0,,,47.6,2024-09-25,48.47,47.41,47.99,,,226736,2.27,1.0,2.15,1.0,300124
1128951852.0,,,49.85,2024-09-26,49.98,47.47,47.6,,,228739,5.27,1.01,4.73,2.25,300124
2042050728.0,,,53.89,2024-09-27,57.58,50.69,50.69,,,381793,13.82,1.68,8.1,4.04,300124
3032341345.0,,,62.04,2024-09-30,62.57,55.59,57.24,,,511289,12.95,2.26,15.12,8.15,300124
7070659396.0,,,74.49,2024-10-08,74.53,66.99,74.53,,,975984,12.15,4.31,20.07,12.45,300124
6036463389.0,,,64.35,2024-10-09,70.74,63.79,70.74,,,897605,9.33,3.96,-13.61,-10.14,300124
2886639111.0,,,62.61,2024-10-10,66.55,62.36,65.63,,,449548,6.51,1.98,-2.7,-1.74,300124
2037724530.0,,,57.92,2024-10-11,62.09,57.19,62.09,,,343259,7.83,1.51,-7.49,-4.69,300124
1999629115.0,,,58.5,2024-10-14,59.67,56.45,59.02,,,341779,5.56,1.51,1.0,0.58,300124
1437139230.0,,,56.65,2024-10-15,59.47,56.55,59.47,,,248454,4.99,1.1,-3.16,-1.85,300124
1261373145.0,,,55.25,2024-10-16,56.47,54.44,54.72,,,226005,3.58,1.0,-2.47,-1.4,300124
1220051051.0,,,54.69,2024-10-17,56.03,54.67,55.19,,,219034,2.46,0.97,-1.01,-0.56,300124
2611761610.0,,,58.09,2024-10-18,60.17,53.99,54.66,,,457802,11.3,2.02,6.22,3.4,300124
2343053925.0,,,57.59,2024-10-21,59.01,56.44,58.59,,,403754,4.42,1.78,-0.86,-0.5,300124
1661678050.0,,,56.52,2024-10-22,57.46,56.02,57.46,,,291326,2.5,1.28,-1.86,-1.07,300124
1745454806.0,,,56.02,2024-10-23,57.26,55.47,56.32,,,308159,3.17,1.36,-0.88,-0.5,300124
1142138533.0,,,56.27,2024-10-24,56.98,55.67,55.84,,,201789,2.34,0.89,0.45,0.25,300124
1930362477.0,,,57.59,2024-10-25,58.42,56.28,56.61,,,334511,3.8,1.47,2.35,1.32,300124
1313960220.0,,,56.92,2024-10-28,58.09,56.4,58.09,,,229368,2.93,1.01,-1.16,-0.67,300124
1394512793.0,,,56.05,2024-10-29,57.36,55.97,56.93,,,245018,2.44,1.08,-1.53,-0.87,300124
1185644328.0,,,55.0,2024-10-30,56.76,54.62,55.59,,,212128,3.82,0.93,-1.87,-1.05,300124
1235290867.0,,,55.0,2024-10-31,55.48,54.27,55.01,,,223272,2.2,0.98,0.0,0.0,300124
1078898301.0,,,55.19,2024-11-01,55.67,54.42,54.6,,,194503,2.27,0.86,0.35,0.19,300124
3026422753.0,,,59.58,2024-11-04,59.59,56.3,56.3,,,518075,5.96,2.28,7.95,4.39,300124
3234569870.0,,,60.39,2024-11-05,61.63,57.81,59.02,,,537328,6.41,2.37,1.36,0.81,300124
2475943431.0,,,59.49,2024-11-06,61.25,58.94,60.32,,,410914,3.83,1.8,-1.49,-0.9,300124
2557038827.0,,,61.98,2024-11-07,62.56,59.03,59.39,,,414256,5.93,1.82,4.19,2.49,300124
2811612381.0,,,62.12,2024-11-08,65.06,61.81,63.04,,,440962,5.24,1.93,0.23,0.14,300124
2750828301.0,,,64.0,2024-11-11,64.88,61.37,62.07,,,432004,5.65,1.9,3.03,1.88,300124
2808765940.0,,,61.59,2024-11-12,64.57,61.08,64.43,,,446340,5.45,1.96,-3.77,-2.41,300124
1933642469.0,,,61.37,2024-11-13,61.52,59.94,60.79,,,316236,2.57,1.39,-0.36,-0.22,300124
1341472116.0,,,59.29,2024-11-14,61.27,59.25,61.09,,,221291,3.29,0.97,-3.39,-2.08,300124
1468964576.0,,,57.97,2024-11-15,59.89,57.91,58.58,,,248246,3.34,1.09,-2.23,-1.32,300124
1365669667.0,,,56.65,2024-11-18,58.49,56.22,57.89,,,236632,3.92,1.04,-2.28,-1.32,300124
1269316180.0,,,58.47,2024-11-19,58.59,56.39,57.29,,,219091,3.88,0.96,3.21,1.82,300124
1419105594.0,,,59.23,2024-11-20,59.72,58.15,58.47,,,238787,2.69,1.05,1.3,0.76,300124
1958076583.0,,,60.47,2024-11-21,61.52,59.24,59.24,,,320685,3.85,1.41,2.09,1.24,300124
1415559911.0,,,57.83,2024-11-22,60.64,57.71,60.47,,,237666,4.85,1.04,-4.37,-2.64,300124
882595190.0,,,57.82,2024-11-25,58.25,57.17,57.59,,,151876,1.87,0.67,-0.02,-0.01,300124
695836801.0,,,56.89,2024-11-26,57.89,56.89,57.47,,,120849,1.73,0.53,-1.61,-0.93,300124
990832735.0,,,58.61,2024-11-27,58.75,56.57,56.59,,,170092,3.83,0.75,3.02,1.72,300124
800637587.0,,,57.89,2024-11-28,58.86,57.38,58.61,,,136983,2.53,0.6,-1.23,-0.72,300124
1768875279.0,,,59.89,2024-11-29,60.59,57.2,57.88,,,295290,5.86,1.29,3.45,2.0,300124
3032832326.0,,,62.57,2024-12-02,63.09,60.92,61.09,,,483479,3.62,2.12,4.47,2.68,300124
1612754689.0,,,61.94,2024-12-03,62.59,61.05,62.59,,,259788,2.46,1.14,-1.01,-0.63,300124
1710081750.0,,,61.83,2024-12-04,63.19,60.65,61.54,,,273357,4.1,1.2,-0.18,-0.11,300124
1228330698.0,,,61.58,2024-12-05,62.57,60.63,61.59,,,198323,3.14,0.87,-0.4,-0.25,300124
1387051959.0,,,61.76,2024-12-06,62.33,60.63,61.62,,,223748,2.76,0.98,0.29,0.18,300124
1564941624.0,,,62.11,2024-12-09,63.12,61.29,61.76,,,249597,2.96,1.09,0.57,0.35,300124
2399168635.0,,,62.38,2024-12-10,64.96,62.26,64.64,,,375204,4.35,1.65,0.43,0.27,300124
1320866145.0,,,61.16,2024-12-11,62.17,60.93,61.9,,,213643,1.99,0.94,-1.96,-1.22,300124
1286624996.0,,,60.84,2024-12-12,61.37,60.39,60.69,,,210150,1.6,0.92,-0.52,-0.32,300124
2054124518.0,,,60.09,2024-12-13,61.24,59.94,60.45,,,337220,2.14,1.48,-1.23,-0.75,300124
1502018672.0,,,59.49,2024-12-16,59.87,58.13,59.29,,,252613,2.9,1.11,-1.0,-0.6,300124
897787073.0,,,58.81,2024-12-17,59.89,58.49,59.11,,,151300,2.35,0.66,-1.14,-0.68,300124
867532981.0,,,58.9,2024-12-18,59.38,58.34,58.94,,,146225,1.77,0.64,0.15,0.09,300124
983580565.0,,,59.42,2024-12-19,60.09,58.15,58.41,,,164090,3.29,0.72,0.88,0.52,300124
1029929544.0,,,59.04,2024-12-20,59.97,58.88,59.39,,,172275,1.83,0.76,-0.64,-0.38,300124
1290633565.0,,,58.09,2024-12-23,59.19,57.72,58.8,,,219992,2.49,0.96,-1.61,-0.95,300124
957020856.0,,,58.89,2024-12-24,59.74,58.2,58.43,,,161344,2.65,0.71,1.38,0.8,300124
735539464.0,,,59.07,2024-12-25,59.47,58.44,59.03,,,123911,1.75,0.54,0.31,0.18,300124
933664780.0,,,59.67,2024-12-26,59.79,58.76,59.07,,,155854,1.74,0.68,1.02,0.6,300124
1417522315.0,,,58.98,2024-12-27,59.85,58.59,59.73,,,237926,2.11,1.04,-1.16,-0.69,300124
1335218607.0,,,59.67,2024-12-30,60.81,58.98,58.98,,,220904,3.1,0.97,1.17,0.69,300124
973972699.0,,,58.17,2024-12-31,59.81,58.17,59.67,,,164025,2.75,0.69,-2.51,-1.5,300124
1167846299.0,,,55.89,2025-01-02,58.3,55.57,58.26,,,204158,4.69,0.86,-3.92,-2.28,300124
866827879.0,,,55.53,2025-01-03,56.92,55.3,56.33,,,153419,2.9,0.65,-0.64,-0.36,300124
759713924.0,,,55.35,2025-01-06,56.11,54.74,55.48,,,136526,2.47,0.57,-0.32,-0.18,300124
662245497.0,,,56.23,2025-01-07,56.24,55.33,55.59,,,117715,1.64,0.5,1.59,0.88,300124
908979811.0,,,56.38,2025-01-08,57.11,54.59,56.25,,,161601,4.48,0.68,0.27,0.15,300124
738900740.0,,,56.79,2025-01-09,57.36,55.92,56.07,,,129356,2.55,0.54,0.73,0.41,300124
2967093622.0,,,59.58,2025-01-10,61.74,56.84,56.87,,,492448,8.63,2.07,4.91,2.79,300124
1475974048.0,,,57.94,2025-01-13,60.34,57.69,59.09,,,249418,4.45,1.05,-2.75,-1.64,300124
2509106091.0,,,61.39,2025-01-14,61.44,57.7,57.95,,,414375,6.45,1.74,5.95,3.45,300124
1670018940.0,,,60.3,2025-01-15,61.52,60.04,60.87,,,273660,2.41,1.15,-1.78,-1.09,300124
1371706371.0,,,60.01,2025-01-16,61.54,59.49,60.68,,,225372,3.4,0.95,-0.48,-0.29,300124
1158632217.0,,,60.14,2025-01-17,61.03,59.39,59.7,,,190881,2.73,0.8,0.22,0.13,300124
1163076252.0,,,59.49,2025-01-20,60.98,59.28,60.36,,,192136,2.83,0.81,-1.08,-0.65,300124
1800864885.0,,,61.08,2025-01-21,61.52,59.6,60.12,,,294689,3.23,1.24,2.67,1.59,300124
1054587239.0,,,60.3,2025-01-22,60.87,59.8,60.66,,,174124,1.75,0.73,-1.28,-0.78,300124
2770210794.0,,,61.34,2025-01-23,62.69,60.19,60.96,,,447324,4.15,1.88,1.72,1.04,300124
2817243486.0,,,62.72,2025-01-24,63.94,60.92,61.09,,,447667,4.92,1.88,2.25,1.38,300124
1808825342.0,,,59.78,2025-01-27,62.92,59.78,62.73,,,294729,5.01,1.24,-4.69,-2.94,300124
2953760368.0,,,62.69,2025-02-05,63.97,61.09,61.21,,,468335,4.82,1.97,4.87,2.91,300124
5907090988.0,,,69.0,2025-02-06,69.84,62.17,62.74,,,870234,12.23,3.66,10.07,6.31,300124
4091387687.0,,,68.59,2025-02-07,69.29,67.29,68.59,,,593842,2.9,2.5,-0.59,-0.41,300124
2576682451.0,,,67.87,2025-02-10,68.31,66.39,68.04,,,379819,2.8,1.6,-1.05,-0.72,300124
2727206542.0,,,68.06,2025-02-11,69.23,67.29,67.9,,,397702,2.86,1.67,0.28,0.19,300124
2360811101.0,,,67.71,2025-02-12,68.12,66.14,67.56,,,348837,2.91,1.47,-0.51,-0.35,300124
3056295278.0,,,64.68,2025-02-13,67.58,64.65,67.19,,,461372,4.33,1.94,-4.47,-3.03,300124
2537814426.0,,,66.18,2025-02-14,67.27,64.27,64.59,,,382439,4.64,1.61,2.32,1.5,300124
2173187608.0,,,67.17,2025-02-17,67.34,65.75,66.19,,,324327,2.4,1.36,1.5,0.99,300124
1938045165.0,,,66.32,2025-02-18,67.77,65.98,66.99,,,288099,2.66,1.21,-1.27,-0.85,300124
6211276343.0,,,72.15,2025-02-19,73.08,65.92,65.98,,,876815,10.8,3.68,8.79,5.83,300124
3547193868.0,,,72.07,2025-02-20,72.99,70.4,71.65,,,492689,3.59,2.07,-0.11,-0.08,300124
4069004838.0,,,73.51,2025-02-21,75.38,71.44,71.59,,,551398,5.47,2.31,2.0,1.44,300124
3122214078.0,,,73.59,2025-02-24,74.88,72.19,73.84,,,422881,3.66,1.77,0.11,0.08,300124
3476691368.0,,,74.01,2025-02-25,75.59,72.04,72.33,,,465078,4.82,1.95,0.57,0.42,300124
5359510702.0,,,77.57,2025-02-26,81.3,73.39,74.02,,,685289,10.69,2.87,4.81,3.56,300124
3348231778.0,,,77.29,2025-02-27,78.03,75.19,76.71,,,434826,3.66,1.82,-0.36,-0.28,300124
4186113935.0,,,71.74,2025-02-28,76.44,71.44,75.97,,,570739,6.47,2.39,-7.18,-5.55,300124
2493611712.0,,,72.0,2025-03-03,73.67,71.14,72.19,,,342424,3.53,1.44,0.36,0.26,300124
2471204146.0,,,73.66,2025-03-04,74.73,71.24,71.28,,,334264,4.85,1.4,2.31,1.66,300124
3287052194.0,,,75.94,2025-03-05,77.09,72.99,73.09,,,430967,5.57,1.81,3.1,2.28,300124
2920440509.0,,,76.86,2025-03-06,78.36,76.03,76.59,,,376372,3.07,1.58,1.21,0.92,300124
1994911467.0,,,76.29,2025-03-07,77.59,75.59,76.2,,,259520,2.6,1.09,-0.74,-0.57,300124
2708259363.0,,,77.19,2025-03-10,78.74,75.45,76.59,,,348889,4.31,1.46,1.18,0.9,300124
2798854486.0,,,77.64,2025-03-11,79.28,75.77,76.09,,,360253,4.55,1.51,0.58,0.45,300124
3105997901.0,,,74.29,2025-03-12,77.25,73.97,76.89,,,412765,4.22,1.73,-4.31,-3.35,300124
2429286650.0,,,71.99,2025-03-13,74.17,71.57,73.97,,,333553,3.5,1.4,-3.1,-2.3,300124
2827555908.0,,,73.31,2025-03-14,74.25,71.04,71.84,,,387471,4.46,1.62,1.83,1.32,300124
4223949631.0,,,70.0,2025-03-17,72.09,69.47,71.81,,,600029,3.57,2.51,-4.52,-3.31,300124
1976622012.0,,,70.49,2025-03-18,70.73,69.6,70.01,,,279683,1.61,1.17,0.7,0.49,300124
2551772504.0,,,72.33,2025-03-19,72.73,69.99,70.5,,,354582,3.89,1.49,2.61,1.84,300124
1663398579.0,,,71.11,2025-03-20,72.01,70.28,71.61,,,232813,2.39,0.98,-1.69,-1.22,300124
1747551520.0,,,69.02,2025-03-21,70.92,68.79,70.64,,,250070,3.0,1.05,-2.94,-2.09,300124
1436519338.0,,,69.53,2025-03-24,69.86,68.29,69.02,,,207461,2.27,0.87,0.74,0.51,300124
1057631852.0,,,68.24,2025-03-25,69.67,67.95,69.35,,,153131,2.47,0.64,-1.86,-1.29,300124
985239406.0,,,68.16,2025-03-26,69.26,68.09,68.19,,,142861,1.71,0.6,-0.12,-0.08,300124
1036281998.0,,,68.34,2025-03-27,69.48,67.59,67.89,,,150262,2.77,0.63,0.26,0.18,300124
667637799.0,,,68.06,2025-03-28,68.85,67.9,68.19,,,97269,1.39,0.41,-0.41,-0.28,300124
1117473629.0,,,67.76,2025-03-31,68.04,66.62,67.88,,,165287,2.09,0.69,-0.44,-0.3,300124
896360760.0,,,67.3,2025-04-01,67.99,66.8,67.77,,,132417,1.76,0.55,-0.68,-0.46,300124
1005886321.0,,,68.28,2025-04-02,68.58,66.99,67.14,,,147606,2.36,0.62,1.46,0.98,300124
2159072123.0,,,69.39,2025-04-03,70.47,68.28,68.87,,,309201,3.21,1.3,1.63,1.11,300124
3652621424.0,,,61.59,2025-04-07,66.46,59.89,64.09,,,571170,9.47,2.39,-11.24,-7.8,300124
2406499312.0,,,61.99,2025-04-08,63.76,60.93,61.81,,,385156,4.59,1.61,0.65,0.4,300124
2276933401.0,,,62.14,2025-04-09,63.51,60.79,61.69,,,363984,4.39,1.52,0.24,0.15,300124
2243163377.0,,,64.34,2025-04-10,65.08,62.44,63.67,,,348088,4.25,1.46,3.54,2.2,300124
1725375718.0,,,63.94,2025-04-11,64.69,62.59,63.59,,,269232,3.26,1.13,-0.62,-0.4,300124
1280685444.0,,,63.47,2025-04-14,64.89,63.29,64.59,,,199050,2.5,0.83,-0.74,-0.47,300124
1246382625.0,,,62.38,2025-04-15,63.79,61.64,63.47,,,199033,3.39,0.83,-1.72,-1.09,300124
1000343934.0,,,62.28,2025-04-16,62.69,61.36,62.38,,,160571,2.13,0.67,-0.16,-0.1,300124
740694701.0,,,62.39,2025-04-17,63.15,61.94,62.08,,,117610,1.94,0.49,0.18,0.11,300124
695142947.0,,,62.39,2025-04-18,62.53,61.39,62.09,,,111528,1.83,0.47,0.0,0.0,300124
1676785761.0,,,63.21,2025-04-21,63.23,60.71,62.12,,,269495,4.04,1.13,1.31,0.82,300124
784440148.0,,,62.29,2025-04-22,63.03,62.19,62.53,,,124501,1.33,0.52,-1.46,-0.92,300124
1603260103.0,,,63.8,2025-04-23,64.5,62.59,62.69,,,250355,3.07,1.05,2.42,1.51,300124
1107456807.0,,,63.81,2025-04-24,65.06,63.45,63.99,,,171385,2.52,0.72,0.02,0.01,300124
1003916149.0,,,64.5,2025-04-25,64.86,63.31,63.89,,,155391,2.43,0.65,1.08,0.69,300124
800437330.0,,,64.0,2025-04-28,65.22,63.71,64.5,,,123833,2.34,0.52,-0.78,-0.5,300124
2047475920.0,,,66.71,2025-04-29,67.8,65.57,65.58,,,305022,3.48,1.28,4.23,2.71,300124
3042782665.0,,,71.18,2025-04-30,71.48,66.99,67.79,,,434182,6.73,1.82,6.7,4.47,300124
2051701324.0,,,71.38,2025-05-06,71.91,70.09,71.89,,,287135,2.56,1.2,0.28,0.2,300124
1959712826.0,,,70.07,2025-05-07,72.27,69.38,71.91,,,277036,4.05,1.16,-1.84,-1.31,300124
1338742295.0,,,70.2,2025-05-08,70.78,69.59,69.89,,,189322,1.7,0.79,0.19,0.13,300124
1472153001.0,,,69.06,2025-05-09,70.12,68.84,69.96,,,211499,1.82,0.89,-1.62,-1.14,300124
1523305582.0,,,69.98,2025-05-12,70.24,69.11,69.37,,,216980,1.64,0.91,1.33,0.92,300124
1482350876.0,,,68.87,2025-05-13,70.65,68.49,70.63,,,212985,3.09,0.89,-1.59,-1.11,300124
1320466596.0,,,69.39,2025-05-14,70.25,68.47,68.6,,,189028,2.58,0.79,0.76,0.52,300124
978157693.0,,,68.08,2025-05-15,69.67,68.0,69.38,,,141704,2.41,0.59,-1.89,-1.31,300124
871102749.0,,,68.24,2025-05-16,69.31,67.63,67.63,,,126368,2.47,0.53,0.24,0.16,300124
888746731.0,,,67.89,2025-05-19,68.41,67.38,68.09,,,130026,1.51,0.54,-0.51,-0.35,300124
764104527.0,,,68.12,2025-05-20,68.85,67.51,67.89,,,111200,1.97,0.47,0.34,0.23,300124
797786013.0,,,68.36,2025-05-21,68.69,67.49,68.08,,,116470,1.76,0.49,0.35,0.24,300124
833360617.0,,,66.82,2025-05-22,68.19,66.61,67.7,,,123294,2.31,0.52,-2.25,-1.54,300124
863674777.0,,,66.09,2025-05-23,67.46,66.09,66.53,,,128456,2.05,0.54,-1.09,-0.73,300124
629584400.0,,,66.24,2025-05-26,66.81,65.8,66.09,,,94332,1.53,0.4,0.23,0.15,300124
723765519.0,,,65.36,2025-05-27,66.5,65.1,66.09,,,109856,2.11,0.46,-1.33,-0.88,300124
638913444.0,,,65.4,2025-05-28,65.97,64.93,65.36,,,96998,1.59,0.41,0.06,0.04,300124
1187186584.0,,,66.67,2025-05-29,67.3,65.3,65.64,,,177173,3.06,0.74,1.94,1.27,300124
786771196.0,,,65.37,2025-05-30,66.85,65.36,66.29,,,118950,2.23,0.5,-1.95,-1.3,300124
972920595.0,,,64.43,2025-06-03,65.77,64.39,65.28,,,149173,2.11,0.62,-1.44,-0.94,300124
697436424.0,,,64.46,2025-06-04,64.86,64.17,64.43,,,107375,1.07,0.45,0.05,0.03,300124
1356899878.0,,,64.77,2025-06-05,64.96,63.98,64.62,,,208846,1.52,0.87,0.48,0.31,300124
886899094.0,,,64.11,2025-06-06,64.98,63.75,64.95,,,138191,1.9,0.58,-1.02,-0.66,300124
1152382492.0,,,64.05,2025-06-09,64.62,63.71,64.12,,,179705,1.42,0.75,-0.09,-0.06,300124
1141956856.0,,,63.16,2025-06-10,64.18,62.65,64.17,,,180299,2.39,0.76,-1.39,-0.89,300124
909096857.0,,,63.69,2025-06-11,63.97,62.99,63.0,,,142780,1.55,0.6,0.84,0.53,300124
943298934.0,,,63.7,2025-06-12,64.2,63.03,63.5,,,148073,1.84,0.62,0.02,0.01,300124
2435313796.0,,,63.79,2025-06-13,65.28,63.6,63.85,,,379586,2.64,1.59,0.14,0.09,300124
1270090477.0,,,62.74,2025-06-16,63.78,62.51,63.78,,,202018,1.99,0.85,-1.65,-1.05,300124
856582906.0,,,62.19,2025-06-17,63.11,62.05,62.78,,,137350,1.69,0.58,-0.88,-0.55,300124
606264435.0,,,62.45,2025-06-18,62.64,61.98,62.05,,,97240,1.06,0.41,0.42,0.26,300124
901430993.0,,,61.95,2025-06-19,63.09,61.93,62.28,,,144169,1.86,0.6,-0.8,-0.5,300124
671233617.0,,,61.85,2025-06-20,62.45,61.56,61.86,,,108409,1.44,0.45,-0.16,-0.1,300124
669387616.0,,,61.95,2025-06-23,62.16,61.44,61.5,,,108210,1.16,0.45,0.16,0.1,300124
1654407547.0,,,64.06,2025-06-24,64.1,62.23,62.23,,,260262,3.02,1.09,3.41,2.11,300124
1437337138.0,,,64.95,2025-06-25,65.0,63.66,64.0,,,223155,2.09,0.93,1.39,0.89,300124
1354696183.0,,,64.27,2025-06-26,65.31,64.27,65.0,,,209157,1.6,0.88,-1.05,-0.68,300124
1582398133.0,,,63.82,2025-06-27,65.56,63.8,65.56,,,246326,2.74,1.03,-0.7,-0.45,300124
1289523879.0,,,64.57,2025-06-30,64.91,63.8,64.0,,,200022,1.74,0.85,1.18,0.75,300124
882152811.0,,,64.22,2025-07-01,64.57,63.81,64.5,,,137582,1.18,0.58,-0.54,-0.35,300124
1427812143.0,,,64.42,2025-07-02,65.19,64.21,64.3,,,220945,1.53,0.94,0.31,0.2,300124
1149349642.0,,,64.75,2025-07-03,65.15,64.12,64.4,,,177899,1.6,0.75,0.51,0.33,300124
1040348571.0,,,64.11,2025-07-04,64.85,63.8,64.6,,,162022,1.62,0.69,-0.99,-0.64,300124
1435159014.0,,,62.32,2025-07-07,64.09,62.22,63.83,,,228827,2.92,0.97,-2.79,-1.79,300124
1289232165.0,,,63.03,2025-07-08,63.37,62.28,62.37,,,204680,1.75,0.87,1.14,0.71,300124
1214857084.0,,,62.64,2025-07-09,64.16,62.55,63.35,,,191920,2.55,0.81,-0.62,-0.39,300124
766362101.0,,,62.56,2025-07-10,62.95,62.19,62.49,,,122579,1.21,0.52,-0.13,-0.08,300124
1825683598.0,,,64.0,2025-07-11,64.71,62.56,62.8,,,286273,3.44,1.21,2.3,1.44,300124
1327954234.0,,,64.38,2025-07-14,64.99,63.73,64.3,,,205875,1.97,0.87,0.59,0.38,300124
1184764717.0,,,64.15,2025-07-15,64.8,63.7,64.45,,,184521,1.71,0.78,-0.36,-0.23,300124
1391603525.0,,,64.52,2025-07-16,65.3,64.0,64.27,,,215161,2.03,0.91,0.58,0.37,300124
1471107055.0,,,65.13,2025-07-17,65.22,64.06,64.55,,,227225,1.8,0.96,0.95,0.61,300124
1452665323.0,,,65.19,2025-07-18,66.2,64.98,65.48,,,222151,1.87,0.94,0.09,0.06,300124
2161595715.0,,,65.22,2025-07-21,66.35,64.58,65.59,,,331269,2.72,1.4,0.05,0.03,300124
1490211067.0,,,64.72,2025-07-22,65.17,64.37,65.17,,,230473,1.23,0.98,-0.77,-0.5,300124
1562693122.0,,,64.76,2025-07-23,65.5,64.56,64.71,,,240424,1.45,1.02,0.06,0.04,300124
2222366269.0,,,66.1,2025-07-24,66.35,64.87,65.02,,,337321,2.29,1.43,2.07,1.34,300124
1540227367.0,,,65.41,2025-07-25,65.95,64.9,65.81,,,235777,1.59,1.0,-1.04,-0.69,300124
1357267003.0,,,65.4,2025-07-28,66.49,65.2,65.9,,,206553,1.97,0.87,-0.02,-0.01,300124
1508798407.0,,,65.07,2025-07-29,65.35,64.37,65.2,,,232985,1.5,0.99,-0.5,-0.33,300124
1461818781.0,,,64.16,2025-07-30,65.48,63.91,64.99,,,226254,2.41,0.96,-1.4,-0.91,300124
1897295987.0,,,63.39,2025-07-31,65.15,63.28,64.1,,,295185,2.91,1.25,-1.2,-0.77,300124
1351554866.0,,,63.41,2025-08-01,64.44,62.88,63.48,,,212551,2.46,0.9,0.03,0.02,300124
1744177105.0,,,64.56,2025-08-04,64.95,63.18,63.32,,,270789,2.79,1.15,1.81,1.15,300124
1244276979.0,,,64.81,2025-08-05,65.16,64.5,64.79,,,192025,1.02,0.81,0.39,0.25,300124
2623364612.0,,,65.86,2025-08-06,66.5,64.76,65.0,,,398672,2.68,1.69,1.62,1.05,300124
1530126856.0,,,65.5,2025-08-07,66.03,64.9,66.0,,,233957,1.72,0.99,-0.55,-0.36,300124
1361316131.0,,,64.51,2025-08-08,66.18,64.48,65.73,,,209447,2.6,0.89,-1.51,-0.99,300124
1463119739.0,,,65.5,2025-08-11,66.08,64.52,64.52,,,223625,2.42,0.95,1.53,0.99,300124
1088617691.0,,,65.4,2025-08-12,65.67,64.88,65.53,,,166962,1.21,0.71,-0.15,-0.1,300124
1912536609.0,,,66.02,2025-08-13,66.23,65.02,65.26,,,290700,1.85,1.23,0.95,0.62,300124
3221291668.0,,,66.54,2025-08-14,67.26,65.67,66.23,,,483569,2.41,2.05,0.79,0.52,300124
2597862363.0,,,67.34,2025-08-15,67.6,66.19,66.19,,,386985,2.12,1.64,1.2,0.8,300124
3314447448.0,,,67.8,2025-08-18,68.48,66.81,67.59,,,490202,2.48,2.08,0.68,0.46,300124
3395709168.0,,,68.1,2025-08-19,69.44,66.76,67.7,,,499193,3.95,2.11,0.44,0.3,300124
2651808121.0,,,68.88,2025-08-20,68.9,67.07,67.84,,,390588,2.69,1.65,1.15,0.78,300124
2741815552.0,,,68.3,2025-08-21,69.99,68.06,69.2,,,398298,2.8,1.69,-0.84,-0.58,300124
3162456832.0,,,69.7,2025-08-22,69.7,67.8,68.0,,,458258,2.78,1.94,2.05,1.4,300124
4243464102.0,,,71.85,2025-08-25,72.08,70.06,71.0,,,597243,2.9,2.53,3.08,2.15,300124
3371381575.0,,,71.2,2025-08-26,72.76,71.0,72.0,,,470062,2.45,1.99,-0.9,-0.65,300124
5949145714.0,,,72.15,2025-08-27,76.36,71.5,71.5,,,806116,6.83,3.41,1.33,0.95,300124
4840566610.0,,,73.78,2025-08-28,73.8,71.51,72.08,,,664768,3.17,2.81,2.26,1.63,300124
4838605468.0,,,75.03,2025-08-29,76.28,72.64,75.0,,,647874,4.93,2.74,1.69,1.25,300124
4075358330.0,,,75.9,2025-09-01,77.68,74.53,75.03,,,538290,4.2,2.28,1.16,0.87,300124
4669047568.0,,,74.9,2025-09-02,76.09,73.03,75.88,,,625943,4.03,2.65,-1.32,-1.0,300124
3813766606.0,,,73.07,2025-09-03,75.4,72.47,75.05,,,516929,3.91,2.19,-2.44,-1.83,300124
4192830759.0,,,71.42,2025-09-04,73.73,69.89,72.91,,,586695,5.26,2.48,-2.26,-1.65,300124
2713637774.0,,,73.35,2025-09-05,73.4,70.81,71.43,,,375144,3.63,1.59,2.7,1.93,300124
9549995979.0,,,82.01,2025-09-08,85.45,73.5,73.51,,,1202466,16.29,5.09,11.81,8.66,300124
6246318745.0,,,78.88,2025-09-09,80.9,78.46,80.51,,,785435,2.98,3.32,-3.82,-3.13,300124
4884070370.0,,,79.52,2025-09-10,80.43,77.22,78.88,,,619240,4.07,2.62,0.81,0.64,300124
4604488185.0,,,80.7,2025-09-11,81.12,77.89,79.0,,,576815,4.06,2.44,1.48,1.18,300124
4777023017.0,,,79.68,2025-09-12,82.21,79.49,81.34,,,592316,3.37,2.5,-1.26,-1.02,300124
4215152023.0,,,80.15,2025-09-15,82.17,79.35,79.6,,,522526,3.54,2.21,0.59,0.47,300124
6648768163.0,,,83.49,2025-09-16,85.55,79.51,79.96,,,806533,7.54,3.41,4.17,3.34,300124
4971882111.0,,,84.05,2025-09-17,84.44,82.48,83.5,,,596429,2.35,2.52,0.67,0.56,300124
8126045079.0,,,82.6,2025-09-18,87.48,81.31,83.66,,,958787,7.34,4.05,-1.73,-1.45,300124
4617522587.0,,,81.7,2025-09-19,84.0,81.6,82.7,,,559665,2.91,2.37,-1.09,-0.9,300124
3589945792.0,,,81.79,2025-09-22,82.38,81.01,81.7,,,439900,1.68,1.86,0.11,0.09,300124
4962073797.0,,,82.6,2025-09-23,83.94,80.75,81.8,,,602815,3.9,2.55,0.99,0.81,300124
6171964324.0,,,86.33,2025-09-24,87.4,82.1,82.62,,,722554,6.42,3.06,4.52,3.73,300124
5889049314.0,,,85.91,2025-09-25,89.65,85.1,87.0,,,679153,5.27,2.87,-0.49,-0.42,300124
5217079242.0,,,81.54,2025-09-26,85.85,81.45,85.66,,,625683,5.12,2.65,-5.09,-4.37,300124
4142002104.0,,,83.4,2025-09-29,83.5,80.57,82.01,,,503742,3.59,2.13,2.28,1.86,300124
3424323310.0,,,83.82,2025-09-30,84.41,82.5,83.05,,,410834,2.29,1.73,0.5,0.42,300124
8046021817.0,,,88.91,2025-10-09,91.0,84.09,84.8,,,906926,8.24,3.82,6.07,5.09,300124
6470735713.0,,,84.33,2025-10-10,89.86,83.75,89.6,,,746273,6.87,3.15,-5.15,-4.58,300124
5345485598.0,,,81.51,2025-10-13,82.57,79.8,80.35,,,658997,3.28,2.78,-3.34,-2.82,300124
4099520150.0,,,79.15,2025-10-14,83.47,78.9,82.5,,,507765,5.61,2.14,-2.9,-2.36,300124
3180512748.0,,,80.71,2025-10-15,81.19,78.18,79.05,,,398556,3.8,1.68,1.97,1.56,300124
2683825166.0,,,80.78,2025-10-16,82.31,79.96,80.6,,,331310,2.91,1.4,0.09,0.07,300124
2946924677.0,,,77.59,2025-10-17,80.88,77.47,80.79,,,374769,4.22,1.58,-3.95,-3.19,300124
2394767605.0,,,78.54,2025-10-20,79.72,77.86,78.42,,,304144,2.4,1.28,1.22,0.95,300124
2018045946.0,,,79.42,2025-10-21,79.96,77.94,78.65,,,255083,2.57,1.08,1.12,0.88,300124
3011616742.0,,,79.25,2025-10-22,81.66,78.3,79.0,,,377076,4.23,1.59,-0.21,-0.17,300124
2036442882.0,,,79.25,2025-10-23,79.55,77.4,78.7,,,260042,2.71,1.1,0.0,0.0,300124
3856061472.0,,,78.38,2025-10-24,78.7,76.0,77.0,,,496534,3.41,2.09,-1.1,-0.87,300124
3658186976.0,,,78.27,2025-10-27,79.73,77.32,79.07,,,467175,3.07,1.97,-0.14,-0.11,300124
3169118270.0,,,77.31,2025-10-28,78.79,77.2,78.0,,,406930,2.03,1.72,-1.23,-0.96,300124
2680201579.0,,,79.03,2025-10-29,79.03,77.31,77.38,,,341958,2.22,1.44,2.22,1.72,300124
3201637944.0,,,77.0,2025-10-30,79.45,77.0,79.0,,,409853,3.1,1.73,-2.57,-2.03,300124
2988947918.0,,,77.01,2025-10-31,79.6,76.95,77.05,,,383514,3.44,1.62,0.01,0.01,300124
3074226704.0,,,74.85,2025-11-03,77.38,73.83,77.38,,,409994,4.61,1.73,-2.8,-2.16,300124
2434118609.0,,,73.09,2025-11-04,74.7,72.52,74.49,,,331993,2.91,1.4,-2.35,-1.76,300124
1860131079.0,,,73.1,2025-11-05,73.42,71.9,72.29,,,255811,2.08,1.08,0.01,0.01,300124
1938891108.0,,,74.5,2025-11-06,74.75,73.01,73.19,,,261531,2.38,1.1,1.92,1.4,300124
1375376217.0,,,73.58,2025-11-07,74.3,73.25,74.3,,,186519,1.41,0.79,-1.23,-0.92,300124
1559021475.0,,,72.81,2025-11-10,74.24,72.33,73.68,,,214146,2.6,0.9,-1.05,-0.77,300124
1296089775.0,,,72.13,2025-11-11,73.99,72.04,73.24,,,178229,2.68,0.75,-0.93,-0.68,300124
1576227691.0,,,71.5,2025-11-12,72.58,71.22,72.04,,,219386,1.89,0.92,-0.87,-0.63,300124
1458424901.0,,,72.4,2025-11-13,72.74,71.45,71.5,,,202051,1.8,0.85,1.26,0.9,300124
1376888123.0,,,71.09,2025-11-14,72.5,71.09,72.3,,,191914,1.95,0.81,-1.81,-1.31,300124
1524198721.0,,,71.5,2025-11-17,71.68,70.8,71.09,,,213802,1.24,0.9,0.58,0.41,300124
1311024087.0,,,71.51,2025-11-18,71.85,71.1,71.49,,,183302,1.05,0.77,0.01,0.01,300124
1343059262.0,,,71.0,2025-11-19,71.87,70.82,71.59,,,188597,1.47,0.8,-0.71,-0.51,300124
1243986433.0,,,69.99,2025-11-20,71.48,69.95,71.18,,,176255,2.15,0.74,-1.42,-1.01,300124
2148634785.0,,,69.6,2025-11-21,70.79,68.25,69.41,,,308886,3.63,1.3,-0.56,-0.39,300124
1847718001.0,,,69.81,2025-11-24,70.45,68.9,70.0,,,265126,2.23,1.12,0.3,0.21,300124
1715224588.0,,,69.81,2025-11-25,71.07,69.81,70.5,,,243518,1.8,1.03,0.0,0.0,300124
1593335840.0,,,70.3,2025-11-26,70.85,69.41,69.86,,,226346,2.06,0.95,0.7,0.49,300124
1414840249.0,,,70.12,2025-11-27,71.42,70.09,70.48,,,199939,1.89,0.84,-0.26,-0.18,300124
1308667672.0,,,70.66,2025-11-28,70.88,69.9,70.37,,,185560,1.4,0.78,0.77,0.54,300124
2061816139.0,,,71.99,2025-12-01,71.99,70.36,70.93,,,289139,2.31,1.22,1.88,1.33,300124
1513207319.0,,,71.07,2025-12-02,71.81,71.01,71.78,,,212151,1.11,0.89,-1.28,-0.92,300124
1237159814.0,,,70.27,2025-12-03,71.6,70.07,71.03,,,175219,2.15,0.74,-1.13,-0.8,300124
3167868019.0,,,72.65,2025-12-04,73.33,71.24,71.24,,,437727,2.97,1.85,3.39,2.38,300124
1898049549.0,,,73.16,2025-12-05,73.17,71.75,72.27,,,261873,1.95,1.1,0.7,0.51,300124
2457042795.0,,,74.04,2025-12-08,74.38,72.8,73.44,,,334094,2.16,1.41,1.2,0.88,300124
1950173543.0,,,72.45,2025-12-09,74.0,72.31,74.0,,,267236,2.28,1.13,-2.15,-1.59,300124
2891711711.0,,,74.69,2025-12-10,74.8,72.35,72.46,,,390618,3.38,1.65,3.09,2.24,300124
2028125379.0,,,73.73,2025-12-11,75.48,73.73,74.74,,,272533,2.34,1.15,-1.29,-0.96,300124
1908210290.0,,,73.9,2025-12-12,74.08,72.83,73.5,,,259494,1.7,1.09,0.23,0.17,300124
1597154156.0,,,71.76,2025-12-15,73.6,71.69,73.2,,,220404,2.58,0.93,-2.9,-2.14,300124
1262424310.0,,,70.55,2025-12-16,71.94,70.41,71.76,,,178241,2.13,0.75,-1.69,-1.21,300124
1616805729.0,,,71.85,2025-12-17,71.89,69.98,70.56,,,228181,2.71,0.96,1.84,1.3,300124
1279643803.0,,,71.29,2025-12-18,72.59,71.29,71.49,,,178061,1.81,0.75,-0.78,-0.56,300124
1016535626.0,,,71.55,2025-12-19,72.34,71.5,71.63,,,141479,1.18,0.6,0.36,0.26,300124
1779994495.0,,,72.72,2025-12-22,73.15,71.71,71.83,,,244747,2.01,1.03,1.64,1.17,300124
1406454998.0,,,72.47,2025-12-23,73.49,72.32,72.85,,,193021,1.61,0.81,-0.34,-0.25,300124
1393325919.0,,,72.36,2025-12-24,72.65,71.73,72.4,,,192821,1.27,0.81,-0.15,-0.11,300124
1902032252.0,,,73.67,2025-12-25,73.87,72.5,72.5,,,258917,1.89,1.09,1.81,1.31,300124
1553193296.0,,,73.3,2025-12-26,73.75,72.68,73.68,,,212020,1.45,0.89,-0.5,-0.37,300124
1743194205.0,,,73.45,2025-12-29,74.11,73.08,73.45,,,236948,1.41,1.0,0.2,0.15,300124
3961565290.0,,,76.48,2025-12-30,76.69,73.0,73.05,,,526978,5.02,2.22,4.13,3.03,300124
2670667788.0,,,75.33,2025-12-31,76.49,75.01,76.49,,,353220,1.94,1.49,-1.5,-1.15,300124
4375109219.0,,,78.35,2026-01-05,79.3,75.1,75.56,,,564529,5.58,2.38,4.01,3.02,300124
2943895896.45,,,78.48,2026-01-06,78.8,77.5,78.69,,,376661,1.66,1.59,0.17,0.13,300124
2429124529.0,1.94,-0.45,78.03,2026-01-07,79.02,77.5,78.3,-0.57,1.31,310867,,,,,300124
817240839.48,1.42,0.28,78.31,2026-01-08,79.0,77.89,78.4,0.36,0.44,104243,,,,,300124
2588086324.0,,,78.3,2026-01-09,78.98,77.31,77.46,,,330851,2.15,1.38,0.93,0.72,300124
4202020997.7,,,80.85,2026-01-12,81.17,78.6,79.14,,,524379,3.28,2.19,3.26,2.55,300124
3475626379.0,,,78.33,2026-01-13,80.82,78.28,80.82,,,438200,3.14,1.83,-3.12,-2.52,300124
4412696714.39,,,77.95,2026-01-14,81.36,77.01,78.61,,,556637,5.55,2.32,-0.49,-0.38,300124
4884015065.37,,,80.84,2026-01-15,81.48,77.71,77.89,,,609284,4.84,2.54,3.71,2.89,300124
3811773912.28,,,80.85,2026-01-16,82.15,80.51,81.17,,,469662,2.03,1.96,0.01,0.01,300124
